filename,kind,source,as_of,download_timestamp,sha256,rows
calpers_2025-09-30.csv,snapshot,CalPERS PEP,2025-09-30,2026-08-14T03:52:55+00:00,a9609e0e3b52e71035606ca900871b84f9981f5bc19e83a6e266cfb5ac924527,459
oregon_2021-03-31.csv,snapshot,Oregon PERS OPERF,2021-03-31,2026-08-14T03:41:45+00:00,367aa1f7f5b51d68222278dde56f0b136a380f95b941fa799ff86a88c96c3b5f,386
oregon_2021-06-30.csv,snapshot,Oregon PERS OPERF,2021-06-30,2026-08-14T03:41:44+00:00,7d70b9d1badc9703836ec4870735991d9c11633da2d0232fe3d3219f27fe9fb7,392
oregon_2021-09-30.csv,snapshot,Oregon PERS OPERF,2021-09-30,2026-08-14T03:41:43+00:00,171e57fc79193a86591513b52f1f5e9d46ac2555ba938899d6ac851af4c26019,396
oregon_2021-12-31.csv,snapshot,Oregon PERS OPERF,2021-12-31,2026-08-14T03:41:42+00:00,9ef433608c17d28b59fd28e6708b0ed170a9623068f6e87d851feb0da57a1682,400
oregon_2022-06-30.csv,snapshot,Oregon PERS OPERF,2022-06-30,2026-08-14T03:41:42+00:00,8e045ff04b1a568e698c54e6078c57571f9aa54e976fda587f0febc5b41b7ee2,412
oregon_2022-12-31.csv,snapshot,Oregon PERS OPERF,2022-12-31,2026-08-14T03:41:41+00:00,b5c58f4b8344607770e28ac2ddc6fff6ef05fbc594676c4a07b7ff2cbae2bf74,418
oregon_2023-06-30.csv,snapshot,Oregon PERS OPERF,2023-06-30,2026-08-14T03:41:40+00:00,3b5424b30fa16493d93266056eb01b72ebd046789905795d1e4ac4019e29f96f,430
oregon_2023-09-30.csv,snapshot,Oregon PERS OPERF,2023-09-30,2026-08-14T03:41:39+00:00,a3af48521d8fe736b71287b76094a7789adc0500f40077d636c6724d3c5fdb67,435
oregon_2023-12-31.csv,snapshot,Oregon PERS OPERF,2023-12-31,2026-08-14T03:00:29+00:00,4e733c52b750b750e63d91602c79a07b5492961aa3a3f37aa01ba3c66cffc3e2,437
oregon_2024-03-31.csv,snapshot,Oregon PERS OPERF,2024-03-31,2026-08-14T03:00:29+00:00,dad0d6c6a22d964ad2ec90b582d5c39a7c1ba6a1e0c4b045746772a75af03b94,437
oregon_2024-06-30.csv,snapshot,Oregon PERS OPERF,2024-06-30,2026-08-14T03:00:30+00:00,38e0e1f80e0f41428c83b919bb1de04ee3805ac66385b324a68ba21e34aa932f,441
oregon_2024-09-30.csv,snapshot,Oregon PERS OPERF,2024-09-30,2026-08-14T03:00:30+00:00,c96d063d7ac99e754a4c2901248d71ca930f6fd89b68d83036e5b5cbe0bc4f76,443
oregon_2024-12-31.csv,snapshot,Oregon PERS OPERF,2024-12-31,2026-08-14T03:00:31+00:00,9ba1b38814e866ecd003d89f6c0811d9967e4ec25189d27c6cb584872464e21c,445
oregon_2025-03-31.csv,snapshot,Oregon PERS OPERF,2025-03-31,2026-08-14T03:00:31+00:00,ce58ed32af611eb9816b20144a1b8000308b32a3ab94e0672f70a3537a2486d8,445
oregon_2025-06-30.csv,snapshot,Oregon PERS OPERF,2025-06-30,2026-08-14T03:00:32+00:00,94318516767205eab425343931807fed7dc54cc78c55bf6652cf4c6cd5f32c57,446
oregon_2025-09-30.csv,snapshot,Oregon PERS OPERF,2025-09-30,2026-08-14T03:00:32+00:00,a1c63b9a7997c3ccd2270f5c897b378b55cf9a08dcb33ca5194b9833f5b6e7fc,447
oregon_2025-12-31.csv,snapshot,Oregon PERS OPERF,2025-12-31,2026-08-14T03:41:34+00:00,2966d0644a90b034fb7c11ff5b51c0580641db414e2b42e600d8e9bd551d37f1,451
oregon_2026-03-31.csv,snapshot,Oregon PERS OPERF,2026-03-31,2026-08-14T03:41:34+00:00,7f0008f679a77b738eaaa13d80a5cbccfe8fd2c9c4b69f3eaa20fbb635c5dcfe,453
raw/oregon_operf_pe_2021Q1.pdf,raw,Oregon PERS OPERF,2021-03-31,2026-08-14T03:41:44+00:00,54a68ae781b65727e6a1b1c853b8a3b2e4eecae5b1a2320c6aafa12534e55f98,
raw/oregon_operf_pe_2021Q2.pdf,raw,Oregon PERS OPERF,2021-06-30,2026-08-14T03:41:43+00:00,9eba6aabdcb6776f27e4630963440342bc3844fab585c03d0485d0b1a222005c,
raw/oregon_operf_pe_2021Q3.pdf,raw,Oregon PERS OPERF,2021-09-30,2026-08-14T03:41:43+00:00,8c24a25ccc72cc2741fb4a615e86403197663dad969704513068ff929914f185,
raw/oregon_operf_pe_2021Q4.pdf,raw,Oregon PERS OPERF,2021-12-31,2026-08-14T03:41:42+00:00,7a98423c8d4340b4d071f0e27b44495bd223d4e10a9bd4ee8f0eaa842041e60d,
raw/oregon_operf_pe_2022Q2.pdf,raw,Oregon PERS OPERF,2022-06-30,2026-08-14T03:41:41+00:00,d9f37a9e765bd2e934706a89cfeefd2d78687f81f7cf2d15a1296540be7726ce,
raw/oregon_operf_pe_2022Q4.pdf,raw,Oregon PERS OPERF,2022-12-31,2026-08-14T03:41:41+00:00,a2b05eafe16e3dc94f82e5c5966583a04ef1f0c6b16fa9bc9e6a6564fabe6495,
raw/oregon_operf_pe_2023Q2.pdf,raw,Oregon PERS OPERF,2023-06-30,2026-08-14T03:41:40+00:00,a746db0daf2af9389c3daf4b489be241459a44370f756868bc2aada03a4f831e,
raw/oregon_operf_pe_2023Q3.pdf,raw,Oregon PERS OPERF,2023-09-30,2026-08-14T03:41:39+00:00,10737a92417fe99252293c8916d854c38851c4dd2d90fdcc7576b19207ae135f,
raw/oregon_operf_pe_2023Q4.pdf,raw,Oregon PERS OPERF,2023-12-31,2026-08-14T02:58:38+00:00,e12d4b7f3187ad4c2f80692d17e2f3aba4601d6290681df0a8ddcd118517a27e,
raw/oregon_operf_pe_2024Q1.pdf,raw,Oregon PERS OPERF,2024-03-31,2026-08-14T02:58:38+00:00,bf8d8412c97a7decc128e617bb241b4dda1a6cfe499765257a61c1ce8be79dde,
raw/oregon_operf_pe_2024Q2.pdf,raw,Oregon PERS OPERF,2024-06-30,2026-08-14T02:58:39+00:00,65578e05578b33e60c146c5f2b48c082523db47ca636eb315d5f5c6182302b7a,
raw/oregon_operf_pe_2024Q3.pdf,raw,Oregon PERS OPERF,2024-09-30,2026-08-14T02:58:40+00:00,e1c2cac1edeb4860afd51c04657778294d8fc0fe49b985e6c46f61a95794303d,
raw/oregon_operf_pe_2024Q4.pdf,raw,Oregon PERS OPERF,2024-12-31,2026-08-14T02:58:41+00:00,448de0f6770c5c898fa5281c9940d1111da5edec2ca4e23378fa2b920612780e,
raw/oregon_operf_pe_2025Q1.pdf,raw,Oregon PERS OPERF,2025-03-31,2026-08-14T02:58:41+00:00,8fab29a11ebd72eabea0111b0590ec1753c9040cb736e03f3deb8e36ba5ea4a8,
raw/oregon_operf_pe_2025Q2.pdf,raw,Oregon PERS OPERF,2025-06-30,2026-08-14T02:58:42+00:00,c2ff5d3e8d895db8d8bbdd2b433c74f94aea2bb214b62f312d85adba7c8ef06c,
raw/oregon_operf_pe_2025Q3.pdf,raw,Oregon PERS OPERF,2025-09-30,2026-08-14T02:54:43+00:00,afd1adf01ffc52b20f78a74cba0deb7d1ac169e14a8fd70ddb8153aa163e5a32,
raw/oregon_operf_pe_2025Q4.pdf,raw,Oregon PERS OPERF,2025-12-31,2026-08-14T03:41:34+00:00,7a2fada001edaff35f6e168dae233fa5ff631997124451683f103a37dd7b50b8,
raw/oregon_operf_pe_2026Q1.pdf,raw,Oregon PERS OPERF,2026-03-31,2026-08-14T03:41:33+00:00,0124f325fd117f99bb5bdfb29a140169ae33222254b970125877adc9042491fb,
