fund_id,fund_name,vintage,commitment,contributions,distributions,total_value,nav,tvpi_reported,reported_multiple,net_irr,not_meaningful,sold_secondary,fully_uncalled,source,as_of
OPERF::2000 Riverside Capital Appreciation Fund,2000 Riverside Capital Appreciation Fund,2000,50000000.0,45700000.0,80400000.0,80400000.0,0.0,1.7592997811816193,1.76,0.191,False,False,False,Oregon PERS OPERF,2024-03-31
OPERF::2003 Riverside Capital Appreciation Fund,2003 Riverside Capital Appreciation Fund,2003,75000000.0,80700000.0,157200000.0,157200000.0,0.0,1.9479553903345725,1.95,0.172,False,False,False,Oregon PERS OPERF,2024-03-31
OPERF::A&M Capital Partners,A&M Capital Partners,2012,100000000.0,75400000.0,135300000.0,166900000.0,31600000.0,2.213527851458886,2.21,0.258,False,False,False,Oregon PERS OPERF,2024-03-31
OPERF::A&M Capital Partners Europe I,A&M Capital Partners Europe I,2018,151500000.0,109200000.0,2500000.0,144700000.0,142200000.0,1.325091575091575,1.32,0.124,False,False,False,Oregon PERS OPERF,2024-03-31
OPERF::A&M Capital Partners II,A&M Capital Partners II,2018,200000000.0,167500000.0,130100000.0,340800000.0,210700000.0,2.0346268656716417,2.03,0.413,False,False,False,Oregon PERS OPERF,2024-03-31
OPERF::A&M Capital Partners III,A&M Capital Partners III,2021,200000000.0,47400000.0,2100000.0,60600000.0,58500000.0,1.2784810126582278,1.28,,True,False,False,Oregon PERS OPERF,2024-03-31
OPERF::ACON Equity Partners IV,ACON Equity Partners IV,2016,112500000.0,119600000.0,54900000.0,195400000.0,140500000.0,1.6337792642140467,1.63,0.139,False,False,False,Oregon PERS OPERF,2024-03-31
OPERF::Advent Global Technology,Advent Global Technology,2019,50000000.0,48000000.0,0.0,62700000.0,62700000.0,1.30625,1.31,0.09,False,False,False,Oregon PERS OPERF,2024-03-31
OPERF::Advent Global Technology II,Advent Global Technology II,2021,100000000.0,41500000.0,0.0,52500000.0,52500000.0,1.2650602409638554,1.26,,True,False,False,Oregon PERS OPERF,2024-03-31
OPERF::Advent International GPE IX,Advent International GPE IX,2019,100000000.0,93500000.0,10000000.0,139600000.0,129600000.0,1.493048128342246,1.49,0.163,False,False,False,Oregon PERS OPERF,2024-03-31
OPERF::Advent International GPE VI A,Advent International GPE VI A,2008,100000000.0,100000000.0,200800000.0,209200000.0,8400000.0,2.092,2.09,0.16399999999999998,False,False,False,Oregon PERS OPERF,2024-03-31
OPERF::Advent International GPE VII C,Advent International GPE VII C,2012,50000000.0,48100000.0,81400000.0,86900000.0,5500000.0,1.8066528066528067,1.81,0.133,False,False,False,Oregon PERS OPERF,2024-03-31
OPERF::Advent International GPE X,Advent International GPE X,2022,200000000.0,83000000.0,0.0,89200000.0,89200000.0,1.074698795180723,1.07,,True,False,False,Oregon PERS OPERF,2024-03-31
OPERF::Advent Latin American Private Equity Fund VI C,Advent Latin American Private Equity Fund VI C,2015,75000000.0,69800000.0,64800000.0,124100000.0,59300000.0,1.7779369627507164,1.78,0.139,False,False,False,Oregon PERS OPERF,2024-03-31
OPERF::Advent Latin American Private Equity Fund VII,Advent Latin American Private Equity Fund VII,2020,150000000.0,82100000.0,0.0,95400000.0,95400000.0,1.1619975639464069,1.16,,True,False,False,Oregon PERS OPERF,2024-03-31
OPERF::AEP IV OPERS Co‐Investments,AEP IV OPERS Co‐Investments,2018,37500000.0,37100000.0,8500000.0,60500000.0,52000000.0,1.6307277628032344,1.63,0.11599999999999999,False,False,False,Oregon PERS OPERF,2024-03-31
OPERF::Affinity Asia Pacific Fund III,Affinity Asia Pacific Fund III,2006,100000000.0,95800000.0,133500000.0,133500000.0,0.0,1.3935281837160751,1.39,0.087,False,True,False,Oregon PERS OPERF,2024-03-31
OPERF::Alpine Investors IX,Alpine Investors IX,2022,200000000.0,18800000.0,0.0,21300000.0,21300000.0,1.1329787234042554,1.14,,True,False,False,Oregon PERS OPERF,2024-03-31
OPERF::Alpine Investors VIII,Alpine Investors VIII,2021,100000000.0,63400000.0,0.0,83400000.0,83400000.0,1.3154574132492114,1.31,,True,False,False,Oregon PERS OPERF,2024-03-31
OPERF::Apax Europe VII,Apax Europe VII,2007,199500000.0,220700000.0,274100000.0,274100000.0,0.0,1.2419574082464884,1.24,0.042,False,True,False,Oregon PERS OPERF,2024-03-31
OPERF::Apax IX,Apax IX,2016,250000000.0,264600000.00000003,311700000.0,508800000.0,197100000.0,1.9229024943310655,1.92,0.19399999999999998,False,False,False,Oregon PERS OPERF,2024-03-31
OPERF::Apax VIII USD,Apax VIII USD,2012,150400000.0,161600000.0,255300000.0,271400000.0,16100000.000000002,1.6794554455445545,1.68,0.13,False,False,False,Oregon PERS OPERF,2024-03-31
OPERF::Apollo Investment Fund IX,Apollo Investment Fund IX,2018,480000000.0,448600000.0,201400000.0,684400000.0,483000000.0,1.5256353098528757,1.53,0.203,False,False,False,Oregon PERS OPERF,2024-03-31
OPERF::Apollo Investment Fund VI,Apollo Investment Fund VI,2006,200000000.0,257399999.99999997,385200000.0,388600000.0,3400000.0,1.50971250971251,1.51,0.086,False,False,False,Oregon PERS OPERF,2024-03-31
OPERF::Apollo Investment Fund VII,Apollo Investment Fund VII,2008,400000000.0,488900000.0,855100000.0,855100000.0,0.0,1.7490284311720188,1.75,0.225,False,False,False,Oregon PERS OPERF,2024-03-31
OPERF::Apollo Investment Fund VIII,Apollo Investment Fund VIII,2013,400000000.0,384900000.0,579400000.0,579400000.0,0.0,1.5053260587165498,1.51,0.109,False,True,False,Oregon PERS OPERF,2024-03-31
OPERF::Aquiline Financial Services Fund,Aquiline Financial Services Fund,2005,200000000.0,210900000.0,291800000.0,356300000.0,64500000.0,1.6894262683736367,1.69,0.076,False,False,False,Oregon PERS OPERF,2024-03-31
OPERF::Aquiline Financial Services Fund II,Aquiline Financial Services Fund II,2010,100000000.0,120700000.0,132000000.0,178700000.0,46700000.0,1.4805302402651201,1.48,0.075,False,False,False,Oregon PERS OPERF,2024-03-31
OPERF::Aquiline Financial Services Fund III,Aquiline Financial Services Fund III,2015,100000000.0,128500000.0,230100000.0,311900000.0,81800000.0,2.427237354085603,2.43,0.316,False,False,False,Oregon PERS OPERF,2024-03-31
OPERF::Aquiline Financial Services Fund IV,Aquiline Financial Services Fund IV,2019,200000000.0,189500000.0,8600000.0,248400000.0,239800000.0,1.3108179419525066,1.31,0.1,False,False,False,Oregon PERS OPERF,2024-03-31
OPERF::Aquiline Financial Services Fund V,Aquiline Financial Services Fund V,2022,200000000.0,93500000.0,100000.0,94200000.0,94100000.0,1.0074866310160429,1.01,,True,False,False,Oregon PERS OPERF,2024-03-31
OPERF::Aquiline Oregon Co‐Investment Fund,Aquiline Oregon Co‐Investment Fund,2019,50000000.0,50500000.0,3700000.0,85600000.0,81900000.0,1.695049504950495,1.69,0.175,False,False,False,Oregon PERS OPERF,2024-03-31
OPERF::Arsenal Capital Partners Growth,Arsenal Capital Partners Growth,2021,50000000.0,18800000.0,8000000.0,13600000.0,5600000.0,0.723404255319149,0.72,,True,False,False,Oregon PERS OPERF,2024-03-31
OPERF::Arsenal Capital Partners VI,Arsenal Capital Partners VI,2021,150000000.0,66900000.00000001,22900000.0,56900000.0,34000000.0,0.8505231689088191,0.85,,True,False,False,Oregon PERS OPERF,2024-03-31
OPERF::Asia Opportunity Fund II,Asia Opportunity Fund II,2005,100000000.0,121200000.0,172300000.0,172300000.0,0.0,1.4216171617161717,1.42,0.073,False,False,False,Oregon PERS OPERF,2024-03-31
OPERF::Asia Opportunity Fund III,Asia Opportunity Fund III,2007,150000000.0,156500000.0,140600000.0,140600000.0,0.0,0.8984025559105431,0.9,0.027999999999999997,False,True,False,Oregon PERS OPERF,2024-03-31
OPERF::Asia Pacific Trust,Asia Pacific Trust,1990,12800000.0,13500000.0,15900000.0,15900000.0,0.0,1.1777777777777778,1.18,0.026000000000000002,False,False,False,Oregon PERS OPERF,2024-03-31
OPERF::Aurora Equity Partners II,Aurora Equity Partners II,1998,50000000.0,55900000.0,78300000.0,78300000.0,0.0,1.4007155635062611,1.4,0.046,False,False,False,Oregon PERS OPERF,2024-03-31
OPERF::Aurora Equity Partners III,Aurora Equity Partners III,2004,50000000.0,52400000.0,86300000.0,86300000.0,0.0,1.6469465648854962,1.65,0.132,False,False,False,Oregon PERS OPERF,2024-03-31
OPERF::Aurora Resurgence Fund,Aurora Resurgence Fund,2007,50000000.0,42700000.0,58600000.0,58600000.0,0.0,1.3723653395784543,1.37,0.16399999999999998,False,False,False,Oregon PERS OPERF,2024-03-31
OPERF::Austin Ventures X,Austin Ventures X,2008,50000000.0,49600000.0,81300000.0,81300000.0,0.0,1.6391129032258065,1.64,0.096,False,True,False,Oregon PERS OPERF,2024-03-31
OPERF::Avista Capital Partners II,Avista Capital Partners II,2008,100000000.0,132300000.00000001,211200000.0,211200000.0,0.0,1.5963718820861676,1.6,0.157,False,True,False,Oregon PERS OPERF,2024-03-31
OPERF::Avista Capital Partners III,Avista Capital Partners III,2011,100000000.0,113700000.0,113600000.0,113600000.0,0.0,0.9991204925241864,1.0,0.0,False,False,False,Oregon PERS OPERF,2024-03-31
OPERF::BCI Growth IV,BCI Growth IV,1996,50000000.0,53800000.0,36000000.0,36000000.0,0.0,0.6691449814126395,0.67,0.067,False,True,False,Oregon PERS OPERF,2024-03-31
OPERF::BCI Growth V,BCI Growth V,1999,75000000.0,72900000.0,34500000.0,34500000.0,0.0,0.4732510288065844,0.47,0.10800000000000001,False,True,False,Oregon PERS OPERF,2024-03-31
OPERF::BDCM Opportunity Fund,BDCM Opportunity Fund,2002,50000000.0,115200000.0,167800000.0,165800000.0,-2000000.0,1.4392361111111112,1.44,0.198,False,False,False,Oregon PERS OPERF,2024-03-31
OPERF::BDCM Opportunity Fund II,BDCM Opportunity Fund II,2005,100000000.0,150800000.0,413400000.0,422400000.0,9000000.0,2.8010610079575597,2.8,0.183,False,False,False,Oregon PERS OPERF,2024-03-31
OPERF::BDCM Opportunity Fund III,BDCM Opportunity Fund III,2011,100000000.0,146200000.0,190300000.0,190300000.0,0.0,1.301641586867305,1.3,0.057999999999999996,False,True,False,Oregon PERS OPERF,2024-03-31
OPERF::BDCM Opportunity Fund IV,BDCM Opportunity Fund IV,2015,200000000.0,258500000.0,272400000.0,272400000.0,0.0,1.053771760154739,1.05,0.021,False,True,False,Oregon PERS OPERF,2024-03-31
OPERF::Blackstone Capital Partners VI,Blackstone Capital Partners VI,2011,200000000.0,217900000.0,338800000.0,394000000.0,55200000.0,1.8081688848095456,1.81,0.124,False,False,False,Oregon PERS OPERF,2024-03-31
OPERF::Blackstone Capital Partners VII,Blackstone Capital Partners VII,2016,450000000.0,475800000.0,366000000.0,777800000.0,411800000.0,1.6347204707860445,1.63,0.133,False,False,False,Oregon PERS OPERF,2024-03-31
OPERF::Blackstone Capital Partners VIII,Blackstone Capital Partners VIII,2020,500000000.0,351600000.0,26300000.0,424800000.0,398500000.0,1.2081911262798635,1.21,0.106,False,False,False,Oregon PERS OPERF,2024-03-31
OPERF::Blackstone Energy Partners II,Blackstone Energy Partners II,2015,200000000.0,211900000.0,160600000.0,311700000.0,151100000.0,1.4709768758848514,1.47,0.084,False,False,False,Oregon PERS OPERF,2024-03-31
OPERF::Bridgepoint Europe VI,Bridgepoint Europe VI,2018,277300000.0,249200000.0,26400000.0,356800000.0,330400000.0,1.4317817014446228,1.43,0.139,False,False,False,Oregon PERS OPERF,2024-03-31
OPERF::Bridgepoint Europe VI (Sidecar),Bridgepoint Europe VI (Sidecar),2019,69300000.0,57600000.0,1600000.0,92600000.0,91000000.0,1.6076388888888888,1.61,0.156,False,False,False,Oregon PERS OPERF,2024-03-31
OPERF::Cadence Bancorp LLC,Cadence Bancorp LLC,2010,100000000.0,92500000.0,178000000.0,178000000.0,0.0,1.9243243243243244,1.93,0.1,False,False,False,Oregon PERS OPERF,2024-03-31
OPERF::Canterbury Mezzanine Capital,Canterbury Mezzanine Capital,1996,25000000.0,25000000.0,31900000.0,31900000.0,0.0,1.276,1.28,0.073,False,False,False,Oregon PERS OPERF,2024-03-31
OPERF::Canterbury Mezzanine Capital II,Canterbury Mezzanine Capital II,1999,50000000.0,45600000.0,64099999.99999999,64099999.99999999,0.0,1.4057017543859647,1.4,0.115,False,False,False,Oregon PERS OPERF,2024-03-31
OPERF::Capital International Private Equity Fund VI,Capital International Private Equity Fund VI,2011,100000000.0,110200000.0,95700000.0,104000000.0,8300000.000000001,0.9437386569872959,0.94,0.01,False,False,False,Oregon PERS OPERF,2024-03-31
OPERF::Castle Harlan Partners II,Castle Harlan Partners II,1992,50000000.0,64099999.99999999,107000000.0,107000000.0,0.0,1.669266770670827,1.67,0.271,False,False,False,Oregon PERS OPERF,2024-03-31
OPERF::Castle Harlan Partners III,Castle Harlan Partners III,1997,100000000.0,125800000.0,131699999.99999999,131699999.99999999,0.0,1.046899841017488,1.05,0.013000000000000001,False,False,False,Oregon PERS OPERF,2024-03-31
OPERF::Castle Harlan Partners IV,Castle Harlan Partners IV,2002,100000000.0,112100000.0,155300000.0,155300000.0,0.0,1.3853702051739518,1.38,0.14300000000000002,False,True,False,Oregon PERS OPERF,2024-03-31
OPERF::Castle Harlan Partners V,Castle Harlan Partners V,2008,100000000.0,92000000.0,106700000.0,106700000.0,0.0,1.1597826086956522,1.16,0.062,False,True,False,Oregon PERS OPERF,2024-03-31
OPERF::CDH Fund V,CDH Fund V,2012,100000000.0,116700000.0,134300000.0,167000000.0,32700000.000000004,1.43101970865467,1.43,0.08,False,False,False,Oregon PERS OPERF,2024-03-31
OPERF::Centerbridge Capital Partners,Centerbridge Capital Partners,2006,200000000.0,316900000.0,556800000.0,563100000.0,6300000.0,1.7769012306721363,1.78,0.192,False,False,False,Oregon PERS OPERF,2024-03-31
OPERF::Centerbridge Capital Partners II,Centerbridge Capital Partners II,2010,100000000.0,154300000.0,119400000.0,124700000.0,5300000.0,0.8081659105638367,0.81,0.07400000000000001,False,False,False,Oregon PERS OPERF,2024-03-31
OPERF::Centerbridge Capital Partners III,Centerbridge Capital Partners III,2015,135000000.0,180200000.0,180400000.0,305400000.0,125000000.0,1.6947835738068813,1.69,0.16899999999999998,False,False,False,Oregon PERS OPERF,2024-03-31
OPERF::Centerbridge Capital Partners IV,Centerbridge Capital Partners IV,2020,250000000.0,228900000.0,22600000.0,324100000.0,301500000.0,1.415902140672783,1.42,,True,False,False,Oregon PERS OPERF,2024-03-31
OPERF::Centerbridge Capital Partners V,Centerbridge Capital Partners V,2023,250000000.0,0.0,0.0,0.0,0.0,,0.0,,True,False,True,Oregon PERS OPERF,2024-03-31
OPERF::Centerbridge Special Credit Partners III,Centerbridge Special Credit Partners III,2016,150000000.0,183000000.0,214300000.0,242000000.0,27700000.0,1.3224043715846994,1.32,0.098,False,False,False,Oregon PERS OPERF,2024-03-31
OPERF::Centerbridge Special Credit Partners III ‐ Flex,Centerbridge Special Credit Partners III ‐ Flex,2020,350000000.0,409500000.0,252200000.0,567600000.0,315400000.0,1.386080586080586,1.39,0.161,False,False,False,Oregon PERS OPERF,2024-03-31
OPERF::Clearlake Capital Partners VI,Clearlake Capital Partners VI,2020,150000000.0,156600000.0,23900000.0,262600000.0,238700000.0,1.6768837803320562,1.68,0.217,False,False,False,Oregon PERS OPERF,2024-03-31
OPERF::Clearlake Capital Partners VII,Clearlake Capital Partners VII,2021,250000000.0,144600000.0,700000.0,160200000.0,159500000.0,1.107883817427386,1.11,,True,False,False,Oregon PERS OPERF,2024-03-31
OPERF::Clearlake Capital Partners VIII,Clearlake Capital Partners VIII,2023,250000000.0,0.0,0.0,0.0,0.0,,0.0,,True,False,True,Oregon PERS OPERF,2024-03-31
OPERF::ClearVue OPERF,ClearVue OPERF,2019,100000000.0,102600000.0,3000000.0,141100000.0,138100000.0,1.375243664717349,1.37,0.10800000000000001,False,False,False,Oregon PERS OPERF,2024-03-31
OPERF::ClearVue Partners III,ClearVue Partners III,2019,150000000.0,150600000.0,2500000.0,190300000.0,187800000.0,1.2636122177954847,1.26,0.068,False,False,False,Oregon PERS OPERF,2024-03-31
OPERF::Coller International Partners IV,Coller International Partners IV,2002,50000000.0,44600000.0,60300000.0,60300000.0,0.0,1.352017937219731,1.35,0.115,False,False,False,Oregon PERS OPERF,2024-03-31
OPERF::Coller International Partners V,Coller International Partners V,2006,100000000.0,87400000.0,118800000.0,118800000.0,0.0,1.3592677345537758,1.36,0.07400000000000001,False,True,False,Oregon PERS OPERF,2024-03-31
OPERF::Coller International Partners VI,Coller International Partners VI,2011,100000000.0,81900000.0,120000000.0,120000000.0,0.0,1.465201465201465,1.46,0.127,False,True,False,Oregon PERS OPERF,2024-03-31
OPERF::Court Square Capital Partners II,Court Square Capital Partners II,2006,100000000.0,95600000.0,171200000.0,171200000.0,0.0,1.790794979079498,1.79,0.12300000000000001,False,True,False,Oregon PERS OPERF,2024-03-31
OPERF::Court Square Capital Partners III,Court Square Capital Partners III,2012,75000000.0,80400000.0,119000000.0,119000000.0,0.0,1.4800995024875623,1.48,0.18,False,True,False,Oregon PERS OPERF,2024-03-31
OPERF::Crescent Mezzanine Partners VI,Crescent Mezzanine Partners VI,2012,75000000.0,83200000.0,92900000.0,92900000.0,0.0,1.1165865384615385,1.12,0.040999999999999995,False,True,False,Oregon PERS OPERF,2024-03-31
OPERF::CVC Capital Partners Asia Pacific II,CVC Capital Partners Asia Pacific II,2005,100000000.0,124900000.0,98800000.0,98800000.0,0.0,0.7910328262610088,0.79,0.05,False,False,False,Oregon PERS OPERF,2024-03-31
OPERF::CVC Capital Partners Asia Pacific III,CVC Capital Partners Asia Pacific III,2008,100000000.0,105200000.0,161300000.0,166000000.0,4700000.0,1.5779467680608366,1.58,0.128,False,False,False,Oregon PERS OPERF,2024-03-31
OPERF::CVC Capital Partners Asia V,CVC Capital Partners Asia V,2018,150000000.0,136500000.0,7200000.0,174100000.0,166900000.0,1.2754578754578754,1.28,0.155,False,False,False,Oregon PERS OPERF,2024-03-31
OPERF::CVC Capital Partners Asia VI (A),CVC Capital Partners Asia VI (A),2022,150000000.0,0.0,0.0,0.0,0.0,,0.0,,True,False,True,Oregon PERS OPERF,2024-03-31
OPERF::CVC Capital Partners IX,CVC Capital Partners IX,2023,323100000.0,0.0,0.0,0.0,0.0,,0.0,,True,False,True,Oregon PERS OPERF,2024-03-31
OPERF::CVC Capital Partners VI,CVC Capital Partners VI,2014,196500000.0,202700000.0,259800000.0,404500000.0,144700000.0,1.9955599407992106,2.0,0.165,False,False,False,Oregon PERS OPERF,2024-03-31
OPERF::CVC Capital Partners VII,CVC Capital Partners VII,2017,245100000.0,253500000.0,128100000.0,473500000.0,345400000.0,1.8678500986193294,1.87,0.20800000000000002,False,False,False,Oregon PERS OPERF,2024-03-31
OPERF::CVC Capital Partners VIII,CVC Capital Partners VIII,2021,356000000.0,256500000.0,1600000.0,281300000.0,279700000.0,1.0966861598440545,1.1,,True,False,False,Oregon PERS OPERF,2024-03-31
OPERF::CVC European Equity Partners,CVC European Equity Partners,1996,50000000.0,58600000.0,142800000.0,142800000.0,0.0,2.4368600682593855,2.43,0.265,False,False,False,Oregon PERS OPERF,2024-03-31
OPERF::CVC European Equity Partners II,CVC European Equity Partners II,1998,150000000.0,174700000.0,367700000.0,367700000.0,0.0,2.1047510017172297,2.1,0.18899999999999997,False,False,False,Oregon PERS OPERF,2024-03-31
OPERF::CVC European Equity Partners III,CVC European Equity Partners III,2001,150000000.0,178200000.0,449000000.0,459300000.0,10300000.0,2.5774410774410774,2.58,0.41,False,False,False,Oregon PERS OPERF,2024-03-31
OPERF::CVC European Equity Partners IV,CVC European Equity Partners IV,2005,145500000.0,153400000.0,294400000.0,294600000.0,200000.0,1.9204693611473274,1.92,0.17,False,False,False,Oregon PERS OPERF,2024-03-31
OPERF::CVC European Equity Partners V,CVC European Equity Partners V,2008,291200000.0,271600000.0,533400000.0,539100000.0,5700000.0,1.9849042709867453,1.98,0.16699999999999998,False,False,False,Oregon PERS OPERF,2024-03-31
OPERF::Diamond Castle Partners IV,Diamond Castle Partners IV,2005,100000000.0,99000000.0,101700000.0,101700000.0,0.0,1.0272727272727273,1.03,0.006,False,False,False,Oregon PERS OPERF,2024-03-31
OPERF::Doughty Hanson & Co II,Doughty Hanson & Co II,1995,50000000.0,46300000.0,93300000.0,93300000.0,0.0,2.0151187904967602,2.01,0.45,False,False,False,Oregon PERS OPERF,2024-03-31
OPERF::Doughty Hanson & Co III,Doughty Hanson & Co III,1997,250000000.0,266899999.99999997,512799999.99999994,512799999.99999994,0.0,1.9213188460097415,1.92,0.136,False,False,False,Oregon PERS OPERF,2024-03-31
OPERF::Eighth Cinven Fund,Eighth Cinven Fund,2023,231000000.0,0.0,0.0,-4099999.9999999995,-4099999.9999999995,,0.0,,True,False,True,Oregon PERS OPERF,2024-03-31
OPERF::Elevation Partners,Elevation Partners,2004,100000000.0,95300000.0,149200000.0,149200000.0,0.0,1.565582371458552,1.57,0.11800000000000001,False,False,False,Oregon PERS OPERF,2024-03-31
OPERF::Encap Energy Capital Fund X,Encap Energy Capital Fund X,2015,90000000.0,93700000.0,128100000.0,183300000.0,55200000.0,1.9562433297758806,1.96,0.157,False,False,False,Oregon PERS OPERF,2024-03-31
OPERF::EnCap Energy Capital Fund XI,EnCap Energy Capital Fund XI,2016,250000000.0,234800000.0,135100000.0,406000000.0,270900000.0,1.7291311754684837,1.73,0.20600000000000002,False,False,False,Oregon PERS OPERF,2024-03-31
OPERF::Endeavour Capital Fund III,Endeavour Capital Fund III,2000,25000000.0,24500000.0,67099999.99999999,67099999.99999999,0.0,2.738775510204081,2.74,0.29600000000000004,False,False,False,Oregon PERS OPERF,2024-03-31
OPERF::Endeavour Capital Fund IV,Endeavour Capital Fund IV,2004,50000000.0,46100000.0,162300000.0,162300000.0,0.0,3.5206073752711498,3.52,0.282,False,False,False,Oregon PERS OPERF,2024-03-31
OPERF::Endeavour Capital Fund V,Endeavour Capital Fund V,2008,65000000.0,64900000.00000001,128000000.0,128000000.0,0.0,1.9722650231124805,1.97,0.107,False,True,False,Oregon PERS OPERF,2024-03-31
OPERF::Endeavour Capital Fund VI,Endeavour Capital Fund VI,2011,95000000.0,89000000.0,132400000.0,132400000.0,0.0,1.4876404494382023,1.49,0.085,False,True,False,Oregon PERS OPERF,2024-03-31
OPERF::Endeavour Capital Fund VII,Endeavour Capital Fund VII,2015,112400000.0,82500000.0,132800000.00000001,132800000.00000001,0.0,1.6096969696969698,1.61,0.14800000000000002,False,True,False,Oregon PERS OPERF,2024-03-31
OPERF::Essex Woodlands Health Ventures Fund VI,Essex Woodlands Health Ventures Fund VI,2004,25000000.0,24300000.0,31200000.0,31200000.0,0.0,1.2839506172839505,1.28,0.028999999999999998,False,True,False,Oregon PERS OPERF,2024-03-31
OPERF::Essex Woodlands Health Ventures Fund VII,Essex Woodlands Health Ventures Fund VII,2006,50000000.0,50000000.0,70200000.0,70200000.0,0.0,1.404,1.4,0.055999999999999994,False,True,False,Oregon PERS OPERF,2024-03-31
OPERF::Essex Woodlands Health Ventures Fund VIII,Essex Woodlands Health Ventures Fund VIII,2008,100000000.0,100600000.0,86700000.0,86700000.0,0.0,0.8618290258449304,0.86,0.025,False,False,False,Oregon PERS OPERF,2024-03-31
OPERF::Exxel Capital Partners V,Exxel Capital Partners V,1997,75000000.0,87000000.0,7700000.0,7700000.0,0.0,0.08850574712643679,0.09,,False,False,False,Oregon PERS OPERF,2024-03-31
OPERF::Exxel Capital Partners VI,Exxel Capital Partners VI,2000,50000000.0,75800000.0,21800000.0,37600000.0,15800000.0,0.49604221635883905,0.5,0.059000000000000004,False,False,False,Oregon PERS OPERF,2024-03-31
OPERF::Fenway Partners Capital Fund II,Fenway Partners Capital Fund II,1998,50000000.0,58500000.0,67900000.0,67900000.0,0.0,1.1606837606837608,1.16,0.042,False,False,False,Oregon PERS OPERF,2024-03-31
OPERF::Fenway Partners Capital Fund III,Fenway Partners Capital Fund III,2006,50000000.0,69800000.0,104100000.0,104100000.0,0.0,1.491404011461318,1.49,0.07,False,False,False,Oregon PERS OPERF,2024-03-31
OPERF::Fifth Cinven Fund,Fifth Cinven Fund,2012,75800000.0,77000000.0,111800000.0,128200000.0,16399999.999999998,1.664935064935065,1.66,0.175,False,False,False,Oregon PERS OPERF,2024-03-31
OPERF::First Reserve Fund IX,First Reserve Fund IX,2001,75000000.0,81200000.0,231000000.0,231000000.0,0.0,2.8448275862068964,2.85,0.48100000000000004,False,False,False,Oregon PERS OPERF,2024-03-31
OPERF::First Reserve Fund X,First Reserve Fund X,2004,100000000.0,100000000.0,182800000.0,182800000.0,0.0,1.828,1.83,0.31,False,False,False,Oregon PERS OPERF,2024-03-31
OPERF::First Reserve Fund XI,First Reserve Fund XI,2006,300000000.0,342100000.0,225100000.0,225100000.0,0.0,0.6579947383805904,0.66,0.107,False,True,False,Oregon PERS OPERF,2024-03-31
OPERF::First Reserve Fund XII,First Reserve Fund XII,2008,300000000.0,342100000.0,187600000.0,187600000.0,0.0,0.5483776673487284,0.55,0.16399999999999998,False,True,False,Oregon PERS OPERF,2024-03-31
OPERF::Fisher Lynch Co‐investment Partnership,Fisher Lynch Co‐investment Partnership,2006,250000000.0,282100000.0,415000000.0,415000000.0,0.0,1.4711095356256647,1.47,0.069,False,False,False,Oregon PERS OPERF,2024-03-31
OPERF::Fisher Lynch Co‐Investment Partnership II,Fisher Lynch Co‐Investment Partnership II,2011,500000000.0,520400000.0,918500000.0,1144400000.0,225900000.0,2.199077632590315,2.2,0.172,False,False,False,Oregon PERS OPERF,2024-03-31
OPERF::Focus Ventures III,Focus Ventures III,2006,40000000.0,40000000.0,21700000.0,21700000.0,0.0,0.5425,0.54,0.1,False,False,False,Oregon PERS OPERF,2024-03-31
OPERF::Fox Paine Capital Fund II,Fox Paine Capital Fund II,2000,50000000.0,49300000.0,93800000.0,93800000.0,0.0,1.9026369168356998,1.9,0.18899999999999997,False,False,False,Oregon PERS OPERF,2024-03-31
OPERF::Francisco Partners Agility II,Francisco Partners Agility II,2020,50000000.0,40200000.0,0.0,60100000.0,60100000.0,1.4950248756218905,1.5,0.23399999999999999,False,False,False,Oregon PERS OPERF,2024-03-31
OPERF::Francisco Partners Agility III,Francisco Partners Agility III,2022,50000000.0,0.0,0.0,-700000.0,-700000.0,,0.0,,True,False,True,Oregon PERS OPERF,2024-03-31
OPERF::Francisco Partners II,Francisco Partners II,2006,100000000.0,100200000.0,164700000.0,165000000.0,300000.0,1.6467065868263473,1.65,0.10400000000000001,False,False,False,Oregon PERS OPERF,2024-03-31
OPERF::Francisco Partners III,Francisco Partners III,2011,100000000.0,95400000.0,285300000.0,328000000.0,42700000.0,3.438155136268344,3.44,0.23199999999999998,False,False,False,Oregon PERS OPERF,2024-03-31
OPERF::Francisco Partners IV,Francisco Partners IV,2015,150000000.0,146200000.0,288800000.0,442700000.0,153900000.0,3.028043775649795,3.03,0.267,False,False,False,Oregon PERS OPERF,2024-03-31
OPERF::Francisco Partners V,Francisco Partners V,2018,200000000.0,194100000.0,88000000.0,406600000.0,318600000.0,2.094796496651211,2.09,0.201,False,False,False,Oregon PERS OPERF,2024-03-31
OPERF::Francisco Partners VI,Francisco Partners VI,2020,250000000.0,230300000.0,25900000.0,297700000.0,271800000.0,1.2926617455492835,1.29,0.149,False,False,False,Oregon PERS OPERF,2024-03-31
OPERF::Francisco Partners VII,Francisco Partners VII,2023,250000000.0,1900000.0,0.0,-1700000.0,-1700000.0,-0.8947368421052632,0.89,,True,False,False,Oregon PERS OPERF,2024-03-31
OPERF::General Atlantic,General Atlantic,2016,500000000.0,1166300000.0,423600000.0,1769500000.0,1345900000.0,1.5171911172082655,1.52,0.15,False,False,False,Oregon PERS OPERF,2024-03-31
OPERF::Genstar Capital Partners IX,Genstar Capital Partners IX,2019,120000000.0,117500000.0,65500000.0,234800000.0,169300000.0,1.9982978723404254,2.0,0.29,False,False,False,Oregon PERS OPERF,2024-03-31
OPERF::Genstar Capital Partners VIII,Genstar Capital Partners VIII,2017,100000000.0,116700000.0,136600000.0,307300000.0,170700000.0,2.63324764353042,2.63,0.284,False,False,False,Oregon PERS OPERF,2024-03-31
OPERF::Genstar Capital Partners X,Genstar Capital Partners X,2021,140000000.0,132100000.0,600000.0,137100000.0,136500000.0,1.0378501135503406,1.04,,True,False,False,Oregon PERS OPERF,2024-03-31
OPERF::Genstar Capital Partners XI,Genstar Capital Partners XI,2023,229100000.0,900000.0,0.0,1400000.0,1400000.0,1.5555555555555556,1.54,,True,False,False,Oregon PERS OPERF,2024-03-31
OPERF::Genstar IX Opportunities Fund I,Genstar IX Opportunities Fund I,2019,80000000.0,72100000.0,34400000.0,134500000.0,100100000.0,1.8654646324549238,1.87,0.223,False,False,False,Oregon PERS OPERF,2024-03-31
OPERF::Genstar VIII Opportunities Fund,Genstar VIII Opportunities Fund,2017,50000000.0,49900000.0,70700000.0,130500000.0,59800000.0,2.6152304609218437,2.61,0.215,False,False,False,Oregon PERS OPERF,2024-03-31
OPERF::Genstar X Opportunities Fund I,Genstar X Opportunities Fund I,2021,85000000.0,75000000.0,400000.0,81700000.0,81300000.0,1.0893333333333333,1.09,,True,False,False,Oregon PERS OPERF,2024-03-31
OPERF::Genstar XI Opportunities Fund,Genstar XI Opportunities Fund,2023,20900000.0,4800000.0,0.0,5100000.0,5100000.0,1.0625,1.06,,True,False,False,Oregon PERS OPERF,2024-03-31
OPERF::GGV Capital IV,GGV Capital IV,2011,50000000.0,50300000.0,82500000.0,86900000.0,4400000.0,1.7276341948310139,1.73,0.085,False,False,False,Oregon PERS OPERF,2024-03-31
OPERF::GGV Capital IX,GGV Capital IX,2023,90000000.0,0.0,0.0,0.0,0.0,,0.0,,True,False,True,Oregon PERS OPERF,2024-03-31
OPERF::GGV Capital IX Plus,GGV Capital IX Plus,2023,22500000.0,0.0,0.0,0.0,0.0,,0.0,,True,False,True,Oregon PERS OPERF,2024-03-31
OPERF::GGV Capital Select,GGV Capital Select,2015,50000000.0,47800000.0,17700000.0,52900000.0,35200000.0,1.106694560669456,1.11,0.018000000000000002,False,False,False,Oregon PERS OPERF,2024-03-31
OPERF::GGV Capital V,GGV Capital V,2014,50000000.0,47800000.0,110400000.0,206000000.0,95600000.0,4.309623430962343,4.32,0.24,False,False,False,Oregon PERS OPERF,2024-03-31
OPERF::GGV Capital VI,GGV Capital VI,2016,45000000.0,44500000.0,24400000.0,78200000.0,53800000.0,1.7573033707865169,1.76,0.109,False,False,False,Oregon PERS OPERF,2024-03-31
OPERF::GGV Capital VI Plus,GGV Capital VI Plus,2018,15000000.0,14200000.0,16000000.0,26900000.0,10900000.0,1.8943661971830985,1.89,0.17,False,False,False,Oregon PERS OPERF,2024-03-31
OPERF::GGV Capital VII,GGV Capital VII,2019,64000000.0,60800000.0,3300000.0,73300000.0,70000000.0,1.205592105263158,1.21,0.052000000000000005,False,False,False,Oregon PERS OPERF,2024-03-31
OPERF::GGV Capital VII Plus,GGV Capital VII Plus,2019,16000000.0,15600000.0,0.0,18700000.0,18700000.0,1.1987179487179487,1.2,0.049,False,False,False,Oregon PERS OPERF,2024-03-31
OPERF::GGV Capital VIII,GGV Capital VIII,2021,72000000.0,45700000.0,0.0,47300000.0,47300000.0,1.0350109409190371,1.04,,True,False,False,Oregon PERS OPERF,2024-03-31
OPERF::GGV Capital VIII Plus,GGV Capital VIII Plus,2021,18000000.0,8400000.0,0.0,8700000.0,8700000.0,1.0357142857142858,1.04,,True,False,False,Oregon PERS OPERF,2024-03-31
OPERF::GGV Discovery I,GGV Discovery I,2016,20000000.0,19700000.0,100000.0,27900000.0,27800000.0,1.416243654822335,1.42,0.061,False,False,False,Oregon PERS OPERF,2024-03-31
OPERF::GGV Discovery II,GGV Discovery II,2019,20000000.0,19300000.0,0.0,32400000.0,32400000.0,1.6787564766839378,1.68,0.154,False,False,False,Oregon PERS OPERF,2024-03-31
OPERF::GGV Discovery III,GGV Discovery III,2021,30000000.0,17600000.0,100000.0,25000000.0,24900000.0,1.4204545454545454,1.43,,True,False,False,Oregon PERS OPERF,2024-03-31
OPERF::GGV Discovery IV Asia,GGV Discovery IV Asia,2023,18800000.0,0.0,0.0,0.0,0.0,,0.0,,True,False,True,Oregon PERS OPERF,2024-03-31
OPERF::GGV Discovery IV US,GGV Discovery IV US,2023,18800000.0,0.0,0.0,0.0,0.0,,0.0,,True,False,True,Oregon PERS OPERF,2024-03-31
OPERF::GI Partners Fund IV,GI Partners Fund IV,2013,100000000.0,101100000.0,132500000.0,223400000.0,90900000.0,2.2096933728981205,2.21,0.158,False,False,False,Oregon PERS OPERF,2024-03-31
OPERF::GI Partners Fund V,GI Partners Fund V,2017,250000000.0,282700000.0,156500000.0,447100000.0,290600000.0,1.5815351963211886,1.58,0.154,False,False,False,Oregon PERS OPERF,2024-03-31
OPERF::Gores Capital Partners II,Gores Capital Partners II,2007,100000000.0,113300000.0,145500000.0,145500000.0,0.0,1.2842012356575463,1.28,0.07,False,True,False,Oregon PERS OPERF,2024-03-31
OPERF::Gores Capital Partners III,Gores Capital Partners III,2009,100000000.0,108500000.0,111300000.0,111300000.0,0.0,1.0258064516129033,1.03,0.009000000000000001,False,True,False,Oregon PERS OPERF,2024-03-31
OPERF::Granite Ventures II,Granite Ventures II,2005,25000000.0,25200000.0,58900000.0,74700000.0,15800000.0,2.9642857142857144,2.96,0.11199999999999999,False,False,False,Oregon PERS OPERF,2024-03-31
OPERF::Green Equity Investors III,Green Equity Investors III,1999,50000000.0,49400000.0,111700000.0,111700000.0,0.0,2.2611336032388665,2.26,0.21600000000000003,False,False,False,Oregon PERS OPERF,2024-03-31
OPERF::Green Equity Investors IV,Green Equity Investors IV,2003,100000000.0,107600000.0,207000000.0,207000000.0,0.0,1.9237918215613383,1.92,0.11199999999999999,False,False,False,Oregon PERS OPERF,2024-03-31
OPERF::Green Equity Investors V,Green Equity Investors V,2007,200000000.0,207900000.0,472400000.0,472400000.0,0.0,2.272246272246272,2.27,0.18,False,True,False,Oregon PERS OPERF,2024-03-31
OPERF::Green Equity Investors VI,Green Equity Investors VI,2012,150000000.0,177100000.0,192700000.0,360100000.0,167400000.0,2.033314511575381,2.03,0.13699999999999998,False,False,False,Oregon PERS OPERF,2024-03-31
OPERF::Green Equity Investors VII,Green Equity Investors VII,2017,250000000.0,266600000.00000003,264200000.0,554800000.0,290600000.0,2.0810202550637658,2.08,0.20600000000000002,False,False,False,Oregon PERS OPERF,2024-03-31
OPERF::Gryphon Partners II,Gryphon Partners II,1999,50000000.0,60200000.0,70900000.0,70900000.0,0.0,1.1777408637873754,1.18,0.047,False,False,False,Oregon PERS OPERF,2024-03-31
OPERF::GSO Capital Opportunities Fund I,GSO Capital Opportunities Fund I,2007,100000000.0,150300000.0,213600000.0,213600000.0,0.0,1.4211576846307385,1.42,0.172,False,True,False,Oregon PERS OPERF,2024-03-31
OPERF::GSO Capital Opportunities Fund II,GSO Capital Opportunities Fund II,2011,100000000.0,127300000.0,148500000.0,148500000.0,0.0,1.166535742340927,1.17,0.081,False,True,False,Oregon PERS OPERF,2024-03-31
OPERF::GTCR Fund XII‐AB,GTCR Fund XII‐AB,2017,150000000.0,155700000.0,99600000.0,272700000.0,173100000.0,1.7514450867052023,1.75,0.222,False,False,False,Oregon PERS OPERF,2024-03-31
OPERF::GTCR Fund XIII‐AB,GTCR Fund XIII‐AB,2020,205000000.0,109000000.0,22800000.0,142500000.0,119700000.0,1.3073394495412844,1.31,,True,False,False,Oregon PERS OPERF,2024-03-31
OPERF::GTCR Fund XIV,GTCR Fund XIV,2022,250000000.0,0.0,0.0,300000.0,300000.0,,0.0,,True,False,True,Oregon PERS OPERF,2024-03-31
OPERF::GTCR Strategic Growth Fund,GTCR Strategic Growth Fund,2022,65000000.0,20400000.0,0.0,19800000.0,19800000.0,0.9705882352941176,0.97,,True,False,False,Oregon PERS OPERF,2024-03-31
OPERF::Hamilton Lane SMID Fund,Hamilton Lane SMID Fund,2009,300000000.0,332700000.0,470700000.0,548400000.0,77700000.0,1.648331830477908,1.65,0.12,False,False,False,Oregon PERS OPERF,2024-03-31
OPERF::HarbourVest International PEP,HarbourVest International PEP,1990,25000000.0,25000000.0,44200000.0,44200000.0,0.0,1.768,1.77,0.111,False,False,False,Oregon PERS OPERF,2024-03-31
OPERF::HarbourVest International PEP II,HarbourVest International PEP II,1995,75000000.0,73800000.0,113400000.0,113400000.0,0.0,1.5365853658536586,1.54,0.11900000000000001,False,False,False,Oregon PERS OPERF,2024-03-31
OPERF::Harbourvest International PEP III ‐ Partnership,Harbourvest International PEP III ‐ Partnership,1998,80000000.0,76800000.0,119900000.0,119900000.0,0.0,1.5611979166666667,1.56,0.105,False,True,False,Oregon PERS OPERF,2024-03-31
OPERF::HarbourVest Partners 2004 Direct Fund,HarbourVest Partners 2004 Direct Fund,2004,75000000.0,75000000.0,134900000.0,134900000.0,0.0,1.7986666666666666,1.8,0.105,False,True,False,Oregon PERS OPERF,2024-03-31
OPERF::HarbourVest Partners 2007 Direct Fund,HarbourVest Partners 2007 Direct Fund,2007,100000000.0,97800000.0,165300000.0,165300000.0,0.0,1.6901840490797546,1.69,0.102,False,True,False,Oregon PERS OPERF,2024-03-31
OPERF::HarbourVest Partners 2013 Direct Fund,HarbourVest Partners 2013 Direct Fund,2013,75000000.0,74800000.0,131900000.0,131900000.0,0.0,1.7633689839572193,1.76,0.155,False,True,False,Oregon PERS OPERF,2024-03-31
OPERF::HarbourVest Partners IV ‐ Investment Program,HarbourVest Partners IV ‐ Investment Program,1993,50000000.0,48000000.0,161700000.0,161700000.0,0.0,3.36875,3.37,0.348,False,False,False,Oregon PERS OPERF,2024-03-31
OPERF::HarbourVest Partners V ‐ Investment Program,HarbourVest Partners V ‐ Investment Program,1997,100000000.0,98000000.0,139200000.0,139200000.0,0.0,1.420408163265306,1.42,0.09300000000000001,False,False,False,Oregon PERS OPERF,2024-03-31
OPERF::HarbourVest Partners VI ‐ Partnership Fund,HarbourVest Partners VI ‐ Partnership Fund,1999,50000000.0,93100000.0,114100000.0,114100000.0,0.0,1.2255639097744362,1.23,0.036000000000000004,False,True,False,Oregon PERS OPERF,2024-03-31
OPERF::Hellman & Friedman Capital Partners IX,Hellman & Friedman Capital Partners IX,2019,280000000.0,285100000.0,29400000.0,426500000.0,397100000.0,1.4959663276043493,1.5,0.139,False,False,False,Oregon PERS OPERF,2024-03-31
OPERF::Hellman & Friedman Capital Partners VIII,Hellman & Friedman Capital Partners VIII,2016,100000000.0,102800000.0,61000000.0,181700000.0,120700000.0,1.767509727626459,1.77,0.126,False,False,False,Oregon PERS OPERF,2024-03-31
OPERF::Hellman & Friedman Capital Partners X,Hellman & Friedman Capital Partners X,2021,350000000.0,252000000.0,24800000.0,298000000.0,273200000.0,1.1825396825396826,1.18,,True,False,False,Oregon PERS OPERF,2024-03-31
OPERF::Hellman & Friedman Capital Partners XI,Hellman & Friedman Capital Partners XI,2022,250000000.0,0.0,0.0,0.0,0.0,,0.0,,True,False,True,Oregon PERS OPERF,2024-03-31
"OPERF::Hicks, Muse, Tate & Furst Equity Fund II","Hicks, Muse, Tate & Furst Equity Fund II",1993,50000000.0,62300000.0,117700000.0,117700000.0,0.0,1.8892455858747994,1.89,0.188,False,True,False,Oregon PERS OPERF,2024-03-31
"OPERF::Hicks, Muse, Tate & Furst Equity Fund III","Hicks, Muse, Tate & Furst Equity Fund III",1996,100000000.0,168200000.0,162900000.0,162900000.0,0.0,0.9684898929845422,0.97,0.009000000000000001,False,True,False,Oregon PERS OPERF,2024-03-31
"OPERF::Hicks, Muse, Tate & Furst Equity Fund IV","Hicks, Muse, Tate & Furst Equity Fund IV",1998,200000000.0,249000000.0,183000000.0,183000000.0,0.0,0.7349397590361446,0.73,0.07400000000000001,False,True,False,Oregon PERS OPERF,2024-03-31
"OPERF::Hicks, Muse, Tate & Furst Europe Fund","Hicks, Muse, Tate & Furst Europe Fund",1999,99300000.0,116800000.0,204500000.0,204500000.0,0.0,1.7508561643835616,1.75,0.21600000000000003,False,True,False,Oregon PERS OPERF,2024-03-31
OPERF::HSBC Private Equity Fund II,HSBC Private Equity Fund II,1997,50000000.0,57700000.0,76600000.0,76600000.0,0.0,1.3275563258232235,1.33,0.08199999999999999,False,False,False,Oregon PERS OPERF,2024-03-31
OPERF::Irving Place Capital Partners III,Irving Place Capital Partners III,2006,100000000.0,96200000.0,110200000.0,110200000.0,0.0,1.1455301455301454,1.15,0.027999999999999997,False,False,False,Oregon PERS OPERF,2024-03-31
OPERF::J.C. Flowers Fund II,J.C. Flowers Fund II,2006,100000000.0,108900000.0,49000000.0,49000000.0,0.0,0.44995408631772266,0.45,0.102,False,False,False,Oregon PERS OPERF,2024-03-31
"OPERF::Joseph, Littlejohn & Levy Fund","Joseph, Littlejohn & Levy Fund",1991,30000000.0,33200000.000000004,86500000.0,86500000.0,0.0,2.6054216867469875,2.6,0.33399999999999996,False,False,False,Oregon PERS OPERF,2024-03-31
"OPERF::Joseph, Littlejohn & Levy Fund II","Joseph, Littlejohn & Levy Fund II",1994,50000000.0,56100000.0,84500000.0,84500000.0,0.0,1.5062388591800357,1.51,0.071,False,False,False,Oregon PERS OPERF,2024-03-31
"OPERF::Joseph, Littlejohn & Levy Fund III","Joseph, Littlejohn & Levy Fund III",1998,100000000.0,109900000.0,172500000.0,172500000.0,0.0,1.5696087352138308,1.57,0.11199999999999999,False,False,False,Oregon PERS OPERF,2024-03-31
OPERF::KKR 1980 Related Fund,KKR 1980 Related Fund,1981,194100000.0,194100000.0,666900000.0,666900000.0,0.0,3.435857805255023,3.44,0.225,False,False,False,Oregon PERS OPERF,2024-03-31
OPERF::KKR 1982 Fund,KKR 1982 Fund,1983,25000000.0,25800000.0,85100000.0,85100000.0,0.0,3.298449612403101,3.3,0.397,False,False,False,Oregon PERS OPERF,2024-03-31
OPERF::KKR 1984 Fund,KKR 1984 Fund,1984,99500000.0,118500000.0,510800000.0,510800000.0,0.0,4.310548523206751,4.31,0.28600000000000003,False,False,False,Oregon PERS OPERF,2024-03-31
OPERF::KKR 1986 Fund,KKR 1986 Fund,1986,98300000.0,201800000.0,918900000.0,918900000.0,0.0,4.553518334985133,4.55,0.263,False,False,False,Oregon PERS OPERF,2024-03-31
OPERF::KKR 1987 Fund,KKR 1987 Fund,1987,726700000.0,1240200000.0,2056699999.9999998,2056699999.9999998,0.0,1.6583615545879695,1.66,0.08800000000000001,False,False,False,Oregon PERS OPERF,2024-03-31
OPERF::KKR 1993 Fund,KKR 1993 Fund,1993,350000000.0,433700000.0,718600000.0,718600000.0,0.0,1.6569056951810006,1.66,0.16699999999999998,False,False,False,Oregon PERS OPERF,2024-03-31
OPERF::KKR 1996 Fund,KKR 1996 Fund,1997,800000000.0,1045000000.0,1705500000.0,1705500000.0,0.0,1.6320574162679427,1.63,0.132,False,False,False,Oregon PERS OPERF,2024-03-31
OPERF::KKR 2006 Co‐Investment Fund,KKR 2006 Co‐Investment Fund,2007,187500000.0,186100000.0,415100000.0,415100000.0,0.0,2.23052122514777,2.23,0.153,False,False,False,Oregon PERS OPERF,2024-03-31
OPERF::KKR 2006 Fund,KKR 2006 Fund,2006,1312500000.0,1400000000.0,2622500000.0,2622500000.0,0.0,1.8732142857142857,1.87,0.098,False,False,False,Oregon PERS OPERF,2024-03-31
OPERF::KKR Americas Fund XII,KKR Americas Fund XII,2017,500000000.0,486800000.0,322400000.0,949000000.0,626600000.0,1.9494658997534922,1.95,0.201,False,False,False,Oregon PERS OPERF,2024-03-31
OPERF::KKR Americas Fund XIII,KKR Americas Fund XIII,2021,275000000.0,160600000.0,0.0,173600000.0,173600000.0,1.0809464508094646,1.08,,True,False,False,Oregon PERS OPERF,2024-03-31
OPERF::KKR Asian Fund,KKR Asian Fund,2007,99100000.0,112400000.0,201700000.0,201100000.0,-600000.0,1.7891459074733096,1.79,0.136,False,False,False,Oregon PERS OPERF,2024-03-31
OPERF::KKR Asian Fund II,KKR Asian Fund II,2013,200000000.0,268200000.0,218800000.0,301800000.0,83000000.0,1.1252796420581654,1.13,0.032,False,False,False,Oregon PERS OPERF,2024-03-31
OPERF::KKR Asian Fund III,KKR Asian Fund III,2017,250000000.0,241900000.0,158900000.0,474900000.0,316000000.0,1.9632079371641173,1.96,0.226,False,False,False,Oregon PERS OPERF,2024-03-31
OPERF::KKR E2 Investors (Euro 2 Annex Fund),KKR E2 Investors (Euro 2 Annex Fund),2009,37000000.0,35200000.0,31900000.0,31900000.0,0.0,0.90625,0.91,0.028999999999999998,False,False,False,Oregon PERS OPERF,2024-03-31
OPERF::KKR European Fund,KKR European Fund,1999,400000000.0,525900000.0,1088000000.0,1088000000.0,0.0,2.068834379159536,2.07,0.19699999999999998,False,False,False,Oregon PERS OPERF,2024-03-31
OPERF::KKR European Fund II,KKR European Fund II,2005,500000000.0,584000000.0,771400000.0,773300000.0,1900000.0,1.3241438356164383,1.32,0.048,False,False,False,Oregon PERS OPERF,2024-03-31
OPERF::KKR European Fund III,KKR European Fund III,2008,463000000.0,451300000.0,720600000.0,726000000.0,5400000.0,1.6086860181697318,1.61,0.11,False,False,False,Oregon PERS OPERF,2024-03-31
OPERF::KKR Millennium Fund,KKR Millennium Fund,2002,1000000000.0,1305300000.0,2404600000.0,2405200000.0,600000.0,1.8426415383436758,1.84,0.16399999999999998,False,False,False,Oregon PERS OPERF,2024-03-31
OPERF::KKR Non‐Fund,KKR Non‐Fund,1985,65000000.0,65000000.0,221300000.0,221300000.0,0.0,3.4046153846153846,3.4,0.168,False,False,False,Oregon PERS OPERF,2024-03-31
OPERF::KKR North America Fund XI,KKR North America Fund XI,2012,750000000.0,960900000.0,1867600000.0,2005800000.0,138200000.0,2.087418045582267,2.09,0.196,False,False,False,Oregon PERS OPERF,2024-03-31
OPERF::KPS Special Situations Fund V,KPS Special Situations Fund V,2020,50000000.0,28600000.0,10100000.0,45100000.0,35000000.0,1.5769230769230769,1.58,0.201,False,False,False,Oregon PERS OPERF,2024-03-31
OPERF::KSL Capital Partners Credit Opportunities Fund,KSL Capital Partners Credit Opportunities Fund,2014,75000000.0,34100000.0,47100000.0,47100000.0,0.0,1.3812316715542523,1.38,0.14400000000000002,False,False,False,Oregon PERS OPERF,2024-03-31
OPERF::KSL Capital Partners II,KSL Capital Partners II,2005,100000000.0,119400000.0,223600000.0,223600000.0,0.0,1.8726968174204355,1.87,0.153,False,False,False,Oregon PERS OPERF,2024-03-31
OPERF::KSL Capital Partners III,KSL Capital Partners III,2011,100000000.0,117000000.0,114900000.0,146500000.0,31600000.0,1.2521367521367521,1.25,0.084,False,False,False,Oregon PERS OPERF,2024-03-31
OPERF::KSL Capital Partners IV,KSL Capital Partners IV,2015,150000000.0,174900000.0,144400000.0,293800000.0,149400000.0,1.6798170383076043,1.68,0.145,False,False,False,Oregon PERS OPERF,2024-03-31
OPERF::KSL Capital Partners Supplemental II,KSL Capital Partners Supplemental II,2009,50000000.0,21700000.0,47000000.0,47000000.0,0.0,2.165898617511521,2.16,0.248,False,False,False,Oregon PERS OPERF,2024-03-31
OPERF::KSL Capital Partners V,KSL Capital Partners V,2019,200000000.0,221700000.0,87900000.0,285300000.0,197400000.0,1.2868741542625168,1.29,0.151,False,False,False,Oregon PERS OPERF,2024-03-31
OPERF::Lion Capital Fund I,Lion Capital Fund I,2004,99800000.0,108700000.0,193800000.0,193800000.0,0.0,1.782888684452622,1.78,0.248,False,False,False,Oregon PERS OPERF,2024-03-31
OPERF::Lion Capital Fund II,Lion Capital Fund II,2007,203300000.0,239100000.0,162600000.0,162600000.0,0.0,0.6800501882057717,0.68,0.073,False,False,False,Oregon PERS OPERF,2024-03-31
OPERF::Lion Capital Fund III,Lion Capital Fund III,2010,100000000.0,129600000.0,93300000.0,96000000.0,2700000.0,0.7407407407407407,0.74,0.063,False,False,False,Oregon PERS OPERF,2024-03-31
OPERF::Littlejohn Fund II,Littlejohn Fund II,1999,50000000.0,52100000.0,82900000.0,82900000.0,0.0,1.5911708253358925,1.59,0.12,False,False,False,Oregon PERS OPERF,2024-03-31
OPERF::Littlejohn Fund III,Littlejohn Fund III,2004,50000000.0,50000000.0,118400000.0,118700000.0,300000.0,2.374,2.37,0.254,False,False,False,Oregon PERS OPERF,2024-03-31
OPERF::Littlejohn Fund IV,Littlejohn Fund IV,2010,100000000.0,110600000.0,191100000.0,211500000.0,20400000.0,1.9122965641952985,1.91,0.141,False,False,False,Oregon PERS OPERF,2024-03-31
OPERF::Luminate Capital Partners Fund III,Luminate Capital Partners Fund III,2021,150000000.0,86000000.0,0.0,101500000.0,101500000.0,1.180232558139535,1.18,,True,False,False,Oregon PERS OPERF,2024-03-31
OPERF::Markstone Capital Partners,Markstone Capital Partners,2004,50000000.0,56800000.0,22600000.0,22600000.0,0.0,0.397887323943662,0.4,,False,False,False,Oregon PERS OPERF,2024-03-31
OPERF::MatlinPatterson Global Opportunities Partners,MatlinPatterson Global Opportunities Partners,2001,75000000.0,77400000.0,133100000.0,133100000.0,0.0,1.7196382428940569,1.72,0.159,False,False,False,Oregon PERS OPERF,2024-03-31
OPERF::MatlinPatterson Global Opportunities Partners III,MatlinPatterson Global Opportunities Partners III,2007,150000000.0,185800000.0,225100000.0,225100000.0,0.0,1.2115177610333692,1.21,0.039,False,True,False,Oregon PERS OPERF,2024-03-31
OPERF::Mayfield Select,Mayfield Select,2017,12500000.0,12600000.0,11000000.0,23000000.0,12000000.0,1.8253968253968254,1.82,0.184,False,False,False,Oregon PERS OPERF,2024-03-31
OPERF::Mayfield Select II,Mayfield Select II,2021,20000000.0,12400000.0,0.0,14600000.0,14600000.0,1.1774193548387097,1.18,,True,False,False,Oregon PERS OPERF,2024-03-31
OPERF::Mayfield Select III,Mayfield Select III,2023,20000000.0,0.0,0.0,0.0,0.0,,0.0,,True,False,True,Oregon PERS OPERF,2024-03-31
OPERF::Mayfield XIV,Mayfield XIV,2013,25000000.0,24300000.0,44800000.0,97200000.0,52400000.0,4.0,4.01,0.214,False,False,False,Oregon PERS OPERF,2024-03-31
OPERF::Mayfield XV,Mayfield XV,2017,27500000.0,25000000.0,9900000.0,50200000.0,40300000.0,2.008,2.01,0.17800000000000002,False,False,False,Oregon PERS OPERF,2024-03-31
OPERF::Mayfield XVI,Mayfield XVI,2021,30000000.0,16200000.0,0.0,17800000.0,17800000.0,1.0987654320987654,1.1,0.062,False,False,False,Oregon PERS OPERF,2024-03-31
OPERF::Mayfield XVII,Mayfield XVII,2023,30000000.0,0.0,0.0,0.0,0.0,,0.0,,True,False,True,Oregon PERS OPERF,2024-03-31
OPERF::MBK Partners Fund IV,MBK Partners Fund IV,2017,200000000.0,198400000.0,71100000.0,315100000.0,244000000.0,1.5882056451612903,1.59,0.11900000000000001,False,False,False,Oregon PERS OPERF,2024-03-31
OPERF::MHR Institutional Partners III,MHR Institutional Partners III,2006,75000000.0,80100000.0,101000000.0,101000000.0,0.0,1.260923845193508,1.26,0.045,False,True,False,Oregon PERS OPERF,2024-03-31
OPERF::MHR Institutional Partners IV,MHR Institutional Partners IV,2014,150000000.0,172000000.0,58000000.0,247000000.0,189000000.0,1.436046511627907,1.44,0.091,False,False,False,Oregon PERS OPERF,2024-03-31
OPERF::Montauk TriGuard Fund III,Montauk TriGuard Fund III,2005,50000000.0,46700000.0,53300000.0,53300000.0,0.0,1.1413276231263383,1.14,0.037000000000000005,False,False,False,Oregon PERS OPERF,2024-03-31
OPERF::Montauk TriGuard Fund IV,Montauk TriGuard Fund IV,2008,75000000.0,71100000.0,106400000.0,106400000.0,0.0,1.4964838255977497,1.5,0.12300000000000001,False,True,False,Oregon PERS OPERF,2024-03-31
OPERF::Montauk TriGuard Fund V,Montauk TriGuard Fund V,2011,75000000.0,67000000.0,80000000.0,80000000.0,0.0,1.1940298507462686,1.19,0.071,False,True,False,Oregon PERS OPERF,2024-03-31
OPERF::Montauk TriGuard Fund VI,Montauk TriGuard Fund VI,2014,100000000.0,80200000.0,93000000.0,93000000.0,0.0,1.1596009975062345,1.16,0.078,False,True,False,Oregon PERS OPERF,2024-03-31
OPERF::NEV II,NEV II,2005,300000000.0,334100000.0,576700000.0,576700000.0,0.0,1.7261299012271776,1.73,0.09,False,True,False,Oregon PERS OPERF,2024-03-31
OPERF::NEV III,NEV III,2008,400000000.0,463900000.0,809400000.0,809400000.0,0.0,1.7447725802974778,1.74,0.11699999999999999,False,True,False,Oregon PERS OPERF,2024-03-31
OPERF::New Mountain Partners II,New Mountain Partners II,2005,50000000.0,45600000.0,88100000.0,88100000.0,0.0,1.9320175438596492,1.93,0.136,False,True,False,Oregon PERS OPERF,2024-03-31
OPERF::New Mountain Partners III,New Mountain Partners III,2007,100000000.0,107500000.0,209400000.0,209400000.0,0.0,1.9479069767441861,1.95,0.12300000000000001,False,True,False,Oregon PERS OPERF,2024-03-31
OPERF::NOAL,NOAL,2017,232900000.0,219500000.0,32600000.0,126600000.0,94000000.0,0.5767653758542142,0.58,0.196,False,False,False,Oregon PERS OPERF,2024-03-31
OPERF::Nordic Capital VIII,Nordic Capital VIII,2013,75000000.0,86600000.0,147400000.0,147400000.0,0.0,1.702078521939954,1.7,0.153,False,True,False,Oregon PERS OPERF,2024-03-31
OPERF::North Haven Private Equity Asia IV,North Haven Private Equity Asia IV,2013,100000000.0,118300000.0,130300000.00000001,130300000.00000001,0.0,1.1014370245139478,1.1,0.025,False,False,False,Oregon PERS OPERF,2024-03-31
OPERF::Northwest Emerging Ventures,Northwest Emerging Ventures,2001,250000000.0,287100000.0,424600000.0,424600000.0,0.0,1.4789272030651341,1.48,0.07200000000000001,False,True,False,Oregon PERS OPERF,2024-03-31
OPERF::Oak Hill Capital Partners II,Oak Hill Capital Partners II,2004,100000000.0,113100000.0,179900000.0,179900000.0,0.0,1.5906277630415562,1.59,0.099,False,True,False,Oregon PERS OPERF,2024-03-31
OPERF::Oak Hill Capital Partners III,Oak Hill Capital Partners III,2007,300000000.0,343600000.0,481900000.0,481900000.0,0.0,1.4025029103608848,1.4,0.08900000000000001,False,True,False,Oregon PERS OPERF,2024-03-31
OPERF::Oak Investment Partners XII,Oak Investment Partners XII,2006,75000000.0,74900000.0,69600000.0,69700000.0,100000.0,0.9305740987983978,0.93,0.011000000000000001,False,False,False,Oregon PERS OPERF,2024-03-31
OPERF::Oak Investment Partners XIII,Oak Investment Partners XIII,2010,75000000.0,74900000.0,58600000.0,104100000.0,45500000.0,1.389853137516689,1.39,0.043,False,False,False,Oregon PERS OPERF,2024-03-31
OPERF::Oaktree European Principal Fund III (US),Oaktree European Principal Fund III (US),2011,50000000.0,44200000.0,49400000.0,64600000.0,15200000.0,1.4615384615384615,1.46,0.064,False,False,False,Oregon PERS OPERF,2024-03-31
OPERF::Oaktree Opportunities Fund IX,Oaktree Opportunities Fund IX,2013,75000000.0,75000000.0,83600000.0,134500000.0,50900000.0,1.7933333333333332,1.79,0.081,False,False,False,Oregon PERS OPERF,2024-03-31
OPERF::Oaktree Opportunities Fund VIII,Oaktree Opportunities Fund VIII,2009,50000000.0,50000000.0,72900000.0,73100000.0,200000.0,1.462,1.46,0.091,False,False,False,Oregon PERS OPERF,2024-03-31
OPERF::Oaktree Opportunities Fund VIIIb,Oaktree Opportunities Fund VIIIb,2011,50000000.0,50000000.0,73800000.0,84000000.0,10200000.0,1.68,1.68,0.08199999999999999,False,False,False,Oregon PERS OPERF,2024-03-31
OPERF::Oaktree Opportunities Fund X,Oaktree Opportunities Fund X,2015,50000000.0,46500000.0,44900000.0,69900000.0,25000000.0,1.5032258064516129,1.5,0.091,False,False,False,Oregon PERS OPERF,2024-03-31
OPERF::Oaktree Opportunities Fund Xb,Oaktree Opportunities Fund Xb,2018,100000000.0,75000000.0,6300000.0,116900000.0,110600000.0,1.5586666666666666,1.56,0.126,False,False,False,Oregon PERS OPERF,2024-03-31
OPERF::Oaktree Opportunities Fund XI,Oaktree Opportunities Fund XI,2020,350000000.0,297300000.0,2200000.0,363100000.0,360900000.0,1.2213252606794485,1.22,0.11199999999999999,False,False,False,Oregon PERS OPERF,2024-03-31
OPERF::Oaktree Principal Fund V,Oaktree Principal Fund V,2009,100000000.0,94400000.0,101400000.0,101400000.0,0.0,1.0741525423728813,1.07,0.015,False,False,False,Oregon PERS OPERF,2024-03-31
OPERF::OCM Opportunities Fund,OCM Opportunities Fund,1995,48000000.0,48000000.0,78700000.0,78700000.0,0.0,1.6395833333333334,1.64,0.10300000000000001,False,False,False,Oregon PERS OPERF,2024-03-31
OPERF::OCM Opportunities Fund II,OCM Opportunities Fund II,1997,75000000.0,75000000.0,113400000.0,113400000.0,0.0,1.512,1.51,0.084,False,False,False,Oregon PERS OPERF,2024-03-31
OPERF::OCM Opportunities Fund III,OCM Opportunities Fund III,1999,100000000.0,100000000.0,150400000.0,150400000.0,0.0,1.504,1.5,0.12,False,False,False,Oregon PERS OPERF,2024-03-31
OPERF::OCM Opportunities Fund IVb,OCM Opportunities Fund IVb,2002,75000000.0,90000000.0,146600000.0,146600000.0,0.0,1.6288888888888888,1.63,0.465,False,False,False,Oregon PERS OPERF,2024-03-31
OPERF::OCM Opportunities Fund V,OCM Opportunities Fund V,2004,50000000.0,50000000.0,82500000.0,82500000.0,0.0,1.65,1.65,0.142,False,False,False,Oregon PERS OPERF,2024-03-31
OPERF::OCM Opportunities Fund VI,OCM Opportunities Fund VI,2005,50000000.0,50000000.0,79000000.0,79000000.0,0.0,1.58,1.58,0.087,False,False,False,Oregon PERS OPERF,2024-03-31
OPERF::OCM Opportunities Fund VII,OCM Opportunities Fund VII,2007,50000000.0,50000000.0,68900000.0,68900000.0,0.0,1.378,1.38,0.073,False,False,False,Oregon PERS OPERF,2024-03-31
OPERF::OCM Opportunities Fund VIIb,OCM Opportunities Fund VIIb,2008,100000000.0,90000000.0,155900000.0,155900000.0,0.0,1.7322222222222223,1.73,0.165,False,False,False,Oregon PERS OPERF,2024-03-31
OPERF::OCM Principal Opportunities Fund,OCM Principal Opportunities Fund,1996,50000000.0,50000000.0,72600000.0,72600000.0,0.0,1.452,1.45,0.054000000000000006,False,False,False,Oregon PERS OPERF,2024-03-31
OPERF::OCM Principal Opportunities Fund II,OCM Principal Opportunities Fund II,2001,50000000.0,61300000.0,98900000.0,98900000.0,0.0,1.6133768352365416,1.61,0.183,False,False,False,Oregon PERS OPERF,2024-03-31
OPERF::OCM Principal Opportunities Fund III,OCM Principal Opportunities Fund III,2003,75000000.0,77300000.0,114800000.0,114800000.0,0.0,1.4851228978007762,1.49,0.095,False,False,False,Oregon PERS OPERF,2024-03-31
OPERF::OCM Principal Opportunities Fund IV,OCM Principal Opportunities Fund IV,2006,100000000.0,102000000.0,171700000.0,171700000.0,0.0,1.6833333333333333,1.68,0.08800000000000001,False,False,False,Oregon PERS OPERF,2024-03-31
OPERF::Odyssey Investment Partners Fund VI,Odyssey Investment Partners Fund VI,2020,150000000.0,125200000.0,5700000.0,163900000.0,158200000.0,1.3091054313099042,1.31,0.11900000000000001,False,False,False,Oregon PERS OPERF,2024-03-31
OPERF::OHA European Strategic Credit Fund,OHA European Strategic Credit Fund,2011,50000000.0,31000000.0,41000000.0,42900000.0,1900000.0,1.3838709677419354,1.38,0.071,False,False,False,Oregon PERS OPERF,2024-03-31
OPERF::Olympic Venture Partners III,Olympic Venture Partners III,1994,10000000.0,10200000.0,22700000.0,22700000.0,0.0,2.2254901960784315,2.22,0.271,False,False,False,Oregon PERS OPERF,2024-03-31
OPERF::Olympic Venture Partners IV,Olympic Venture Partners IV,1997,14000000.0,14000000.0,36700000.0,36700000.0,0.0,2.6214285714285714,2.62,0.639,False,False,False,Oregon PERS OPERF,2024-03-31
OPERF::Olympic Venture Partners V,Olympic Venture Partners V,2000,25000000.0,25000000.0,6800000.0,6800000.0,0.0,0.272,0.27,0.16699999999999998,False,False,False,Oregon PERS OPERF,2024-03-31
OPERF::Opus Capital Venture Partners V,Opus Capital Venture Partners V,2006,50000000.0,50000000.0,44600000.0,44600000.0,0.0,0.892,0.89,0.015,False,True,False,Oregon PERS OPERF,2024-03-31
OPERF::Opus Capital Venture Partners VI,Opus Capital Venture Partners VI,2011,33500000.0,23900000.0,15300000.0,15300000.0,0.0,0.6401673640167364,0.64,0.10099999999999999,False,True,False,Oregon PERS OPERF,2024-03-31
OPERF::OrbiMed Private Investments IV,OrbiMed Private Investments IV,2009,40000000.0,51500000.0,138500000.0,143400000.0,4900000.0,2.7844660194174757,2.78,0.319,False,False,False,Oregon PERS OPERF,2024-03-31
OPERF::OrbiMed Private Investments V,OrbiMed Private Investments V,2013,40000000.0,56100000.0,120800000.0,130300000.0,9500000.0,2.322638146167558,2.32,0.384,False,False,False,Oregon PERS OPERF,2024-03-31
OPERF::OrbiMed Private Investments VI,OrbiMed Private Investments VI,2015,60000000.0,85300000.0,80800000.0,141700000.0,60900000.0,1.6611957796014067,1.66,0.146,False,False,False,Oregon PERS OPERF,2024-03-31
OPERF::Orchid Asia VI,Orchid Asia VI,2014,75000000.0,80000000.0,42600000.0,90000000.0,47400000.0,1.125,1.12,0.027000000000000003,False,False,False,Oregon PERS OPERF,2024-03-31
OPERF::Orchid Asia VII,Orchid Asia VII,2018,135000000.0,136100000.0,24300000.0,124400000.0,100100000.0,0.914033798677443,0.91,0.027999999999999997,False,False,False,Oregon PERS OPERF,2024-03-31
OPERF::Oregon Investment Fund (Series 1),Oregon Investment Fund (Series 1),2004,100000000.0,98900000.0,86100000.0,86100000.0,0.0,0.8705763397371082,0.87,0.021,False,True,False,Oregon PERS OPERF,2024-03-31
OPERF::Oregon Investment Fund (Series 1‐A),Oregon Investment Fund (Series 1‐A),2007,50000000.0,47100000.0,97700000.0,97700000.0,0.0,2.0743099787685777,2.07,0.153,False,True,False,Oregon PERS OPERF,2024-03-31
OPERF::OVP Venture Partners VI,OVP Venture Partners VI,2001,40000000.0,40000000.0,11300000.0,11300000.0,0.0,0.2825,0.28,0.6990000000000001,False,True,False,Oregon PERS OPERF,2024-03-31
OPERF::OVP Venture Partners VII,OVP Venture Partners VII,2006,50000000.0,50000000.0,39700000.0,39700000.0,0.0,0.794,0.79,0.022000000000000002,False,True,False,Oregon PERS OPERF,2024-03-31
OPERF::Palamon European Equity,Palamon European Equity,1999,50000000.0,63300000.0,113200000.0,113200000.0,0.0,1.7883096366508688,1.79,0.11900000000000001,False,True,False,Oregon PERS OPERF,2024-03-31
OPERF::Palamon European Equity II,Palamon European Equity II,2005,100000000.0,123400000.0,169100000.0,169100000.0,0.0,1.3703403565640195,1.37,0.077,False,True,False,Oregon PERS OPERF,2024-03-31
OPERF::Palladium Equity Partners IV,Palladium Equity Partners IV,2012,100000000.0,106800000.0,90700000.0,174100000.0,83400000.0,1.6301498127340823,1.63,0.10099999999999999,False,False,False,Oregon PERS OPERF,2024-03-31
OPERF::Palladium Equity Partners V,Palladium Equity Partners V,2017,250000000.0,227200000.0,84900000.0,346100000.0,261200000.0,1.5233274647887325,1.52,0.157,False,False,False,Oregon PERS OPERF,2024-03-31
OPERF::Parthenon Investors,Parthenon Investors,1999,50000000.0,59400000.0,81800000.0,81800000.0,0.0,1.3771043771043772,1.38,0.065,False,False,False,Oregon PERS OPERF,2024-03-31
OPERF::Parthenon Investors II,Parthenon Investors II,2001,75000000.0,87900000.0,143600000.0,144000000.0,400000.0,1.6382252559726962,1.64,0.12300000000000001,False,False,False,Oregon PERS OPERF,2024-03-31
OPERF::Parthenon Investors III,Parthenon Investors III,2005,100000000.0,112400000.0,243000000.0,271900000.0,28900000.0,2.4190391459074734,2.42,0.11900000000000001,False,False,False,Oregon PERS OPERF,2024-03-31
OPERF::Parthenon Investors IV,Parthenon Investors IV,2012,75000000.0,81600000.0,233900000.0,389200000.0,155300000.0,4.769607843137255,4.77,0.37,False,False,False,Oregon PERS OPERF,2024-03-31
OPERF::Parthenon Investors VII,Parthenon Investors VII,2023,150000000.0,2100000.0,0.0,200000.0,200000.0,0.09523809523809523,0.08,,True,False,False,Oregon PERS OPERF,2024-03-31
OPERF::Pathway Private Equity Fund III,Pathway Private Equity Fund III,2001,250000000.0,238800000.0,358200000.0,369000000.0,10800000.0,1.5452261306532664,1.55,0.079,False,False,False,Oregon PERS OPERF,2024-03-31
OPERF::Pathway Private Equity Fund III‐B,Pathway Private Equity Fund III‐B,2008,400000000.0,394300000.0,687000000.0,853900000.0,166900000.0,2.16560994166878,2.17,0.159,False,False,False,Oregon PERS OPERF,2024-03-31
OPERF::Pathway Private Equity Fund III‐Co Series A,Pathway Private Equity Fund III‐Co Series A,2019,250000000.0,247900000.0,91000000.0,431300000.0,340300000.0,1.7398144413069787,1.74,0.146,False,False,False,Oregon PERS OPERF,2024-03-31
OPERF::Pathway Private Equity Fund III‐Co Series B,Pathway Private Equity Fund III‐Co Series B,2019,250000000.0,244500000.0,54900000.0,369300000.0,314400000.0,1.5104294478527607,1.51,0.126,False,False,False,Oregon PERS OPERF,2024-03-31
OPERF::Pathway Private Equity Fund III‐Co Series C,Pathway Private Equity Fund III‐Co Series C,2019,600000000.0,566600000.0,29000000.0,844800000.0,815800000.0,1.4909989410518885,1.49,0.158,False,False,False,Oregon PERS OPERF,2024-03-31
OPERF::Pathway Private Equity Fund III‐Co Series D,Pathway Private Equity Fund III‐Co Series D,2019,600000000.0,547800000.0,25500000.0,623100000.0,597600000.0,1.137458926615553,1.14,,True,False,False,Oregon PERS OPERF,2024-03-31
OPERF::Pathway Private Equity Fund III‐Co Series E,Pathway Private Equity Fund III‐Co Series E,2019,500000000.0,168800000.0,0.0,169100000.0,169100000.0,1.0017772511848342,1.0,,True,False,False,Oregon PERS OPERF,2024-03-31
OPERF::Penman Private Equity and Mezzanine Fund,Penman Private Equity and Mezzanine Fund,1994,20200000.0,20200000.0,18000000.0,18000000.0,0.0,0.8910891089108911,0.89,0.025,False,False,False,Oregon PERS OPERF,2024-03-31
OPERF::Permira VI,Permira VI,2016,250600000.0,232700000.0,144300000.0,477500000.0,333200000.0,2.05199828104856,2.05,0.172,False,False,False,Oregon PERS OPERF,2024-03-31
OPERF::Permira VII,Permira VII,2019,252300000.0,232900000.0,7100000.0,274600000.0,267500000.0,1.1790468012022328,1.18,0.061,False,False,False,Oregon PERS OPERF,2024-03-31
OPERF::Permira VIII,Permira VIII,2022,257100000.00000003,64300000.0,0.0,68700000.0,68700000.0,1.068429237947123,1.07,,True,False,False,Oregon PERS OPERF,2024-03-31
OPERF::Pine Brook Capital Partners,Pine Brook Capital Partners,2007,100000000.0,113400000.0,143500000.0,143500000.0,0.0,1.2654320987654322,1.27,0.065,False,True,False,Oregon PERS OPERF,2024-03-31
OPERF::Pine Brook Capital Partners II,Pine Brook Capital Partners II,2012,100000000.0,124900000.0,87600000.0,87600000.0,0.0,0.7013610888710968,0.7,0.10800000000000001,False,True,False,Oregon PERS OPERF,2024-03-31
OPERF::Providence Equity Partners,Providence Equity Partners,1996,75000000.0,108400000.0,301300000.0,301300000.0,0.0,2.779520295202952,2.78,0.785,False,False,False,Oregon PERS OPERF,2024-03-31
OPERF::Providence Equity Partners III,Providence Equity Partners III,1998,100000000.0,106400000.0,164900000.0,164900000.0,0.0,1.5498120300751879,1.55,0.158,False,False,False,Oregon PERS OPERF,2024-03-31
OPERF::Providence Equity Partners IV,Providence Equity Partners IV,2000,150000000.0,215700000.0,411600000.0,411600000.0,0.0,1.9082058414464533,1.91,0.239,False,True,False,Oregon PERS OPERF,2024-03-31
OPERF::Providence Equity Partners V,Providence Equity Partners V,2004,150000000.0,186900000.0,218200000.0,218200000.0,0.0,1.1674692348849651,1.17,0.03,False,True,False,Oregon PERS OPERF,2024-03-31
OPERF::Providence Equity Partners VI,Providence Equity Partners VI,2007,300000000.0,348500000.0,444400000.0,444400000.0,0.0,1.2751793400286944,1.27,0.046,False,True,False,Oregon PERS OPERF,2024-03-31
OPERF::Providence Equity Partners VII,Providence Equity Partners VII,2012,150000000.0,207700000.0,396400000.0,396400000.0,0.0,1.908521906596052,1.91,0.215,False,True,False,Oregon PERS OPERF,2024-03-31
OPERF::Providence Media Partners,Providence Media Partners,1991,50000000.0,62200000.0,212300000.0,212300000.0,0.0,3.4131832797427655,3.41,0.35200000000000004,False,False,False,Oregon PERS OPERF,2024-03-31
OPERF::Public Pension Capital,Public Pension Capital,2014,100000000.0,103000000.0,103800000.0,261300000.0,157500000.0,2.536893203883495,2.54,0.249,False,False,False,Oregon PERS OPERF,2024-03-31
OPERF::Rhône Partners III,Rhône Partners III,2006,100000000.0,116200000.0,164700000.0,164700000.0,0.0,1.4173838209982788,1.42,0.096,False,False,False,Oregon PERS OPERF,2024-03-31
OPERF::Rhône Partners IV,Rhône Partners IV,2011,75000000.0,71800000.0,67300000.0,82100000.0,14800000.0,1.1434540389972145,1.14,0.038,False,False,False,Oregon PERS OPERF,2024-03-31
OPERF::Rhône Partners V,Rhône Partners V,2015,190400000.0,249300000.0,210000000.0,460800000.0,250800000.0,1.848375451263538,1.85,0.165,False,False,False,Oregon PERS OPERF,2024-03-31
OPERF::Riverside Capital Appreciation Fund V,Riverside Capital Appreciation Fund V,2008,100000000.0,92000000.0,122900000.0,122900000.0,0.0,1.3358695652173913,1.34,0.076,False,True,False,Oregon PERS OPERF,2024-03-31
OPERF::Riverside Capital Appreciation Fund VI,Riverside Capital Appreciation Fund VI,2012,75000000.0,75600000.0,86900000.0,86900000.0,0.0,1.1494708994708995,1.15,0.046,False,True,False,Oregon PERS OPERF,2024-03-31
OPERF::Riverside Europe Fund IV,Riverside Europe Fund IV,2003,50000000.0,56300000.0,72000000.0,74600000.0,2600000.0,1.325044404973357,1.33,0.06,False,False,False,Oregon PERS OPERF,2024-03-31
OPERF::Riverstone‐Carlyle RAE Fund II,Riverstone‐Carlyle RAE Fund II,2008,100000000.0,96100000.0,100700000.0,100700000.0,0.0,1.0478668054110303,1.05,0.01,False,True,False,Oregon PERS OPERF,2024-03-31
OPERF::Roark Capital Partners IV,Roark Capital Partners IV,2016,100000000.0,93600000.0,22900000.0,146400000.0,123500000.0,1.564102564102564,1.56,0.077,False,False,False,Oregon PERS OPERF,2024-03-31
OPERF::Roark Capital Partners V,Roark Capital Partners V,2018,250000000.0,241900000.0,55600000.0,384300000.0,328700000.0,1.5886730053741216,1.59,0.149,False,False,False,Oregon PERS OPERF,2024-03-31
OPERF::Roark Capital Partners VI,Roark Capital Partners VI,2021,250000000.0,102100000.0,8500000.0,139500000.0,131000000.0,1.366307541625857,1.37,,True,False,False,Oregon PERS OPERF,2024-03-31
OPERF::RRJ Capital Master Fund II,RRJ Capital Master Fund II,2013,75000000.0,85300000.0,106400000.0,115100000.0,8700000.0,1.3493552168815943,1.35,0.08800000000000001,False,False,False,Oregon PERS OPERF,2024-03-31
OPERF::RRJ Capital Master Fund III,RRJ Capital Master Fund III,2015,150000000.0,153700000.0,137300000.0,169000000.0,31700000.0,1.099544567338972,1.1,0.046,False,False,False,Oregon PERS OPERF,2024-03-31
OPERF::Seventh Cinven Fund,Seventh Cinven Fund,2019,224400000.0,205000000.0,3200000.0,242100000.0,238900000.0,1.1809756097560975,1.18,0.087,False,False,False,Oregon PERS OPERF,2024-03-31
OPERF::Sherpa Healthcare Co‐Investment Fund,Sherpa Healthcare Co‐Investment Fund,2020,75000000.0,46700000.0,0.0,46500000.0,46500000.0,0.9957173447537473,1.0,0.001,False,False,False,Oregon PERS OPERF,2024-03-31
OPERF::Sherpa Healthcare Fund I,Sherpa Healthcare Fund I,2019,50000000.0,52000000.0,7600000.0,73200000.0,65599999.99999999,1.4076923076923078,1.41,0.115,False,False,False,Oregon PERS OPERF,2024-03-31
OPERF::Sherpa Healthcare Fund II,Sherpa Healthcare Fund II,2021,75000000.0,53700000.0,0.0,58000000.0,58000000.0,1.080074487895717,1.08,,True,False,False,Oregon PERS OPERF,2024-03-31
OPERF::Sixth Cinven Fund,Sixth Cinven Fund,2016,141900000.0,147200000.0,133000000.0,272500000.0,139500000.0,1.8512228260869565,1.85,0.174,False,False,False,Oregon PERS OPERF,2024-03-31
OPERF::Sofinnova Venture Partners VII,Sofinnova Venture Partners VII,2007,25000000.0,25000000.0,42800000.0,42800000.0,0.0,1.712,1.71,0.147,False,True,False,Oregon PERS OPERF,2024-03-31
OPERF::Sofinnova Venture Partners VIII,Sofinnova Venture Partners VIII,2011,50000000.0,50000000.0,83100000.0,83100000.0,0.0,1.662,1.66,0.21899999999999997,False,True,False,Oregon PERS OPERF,2024-03-31
OPERF::Solera Partners,Solera Partners,2000,50000000.0,67800000.0,105400000.0,105400000.0,0.0,1.5545722713864307,1.56,0.07400000000000001,False,False,False,Oregon PERS OPERF,2024-03-31
OPERF::Stonington Capital Appreciation 1994 Fund,Stonington Capital Appreciation 1994 Fund,1994,50000000.0,55200000.0,48600000.0,48600000.0,0.0,0.8804347826086957,0.88,0.013999999999999999,False,False,False,Oregon PERS OPERF,2024-03-31
OPERF::TA XIV‐A,TA XIV‐A,2021,100000000.0,83500000.0,3000000.0,82000000.0,79000000.0,0.9820359281437125,0.98,,True,False,False,Oregon PERS OPERF,2024-03-31
OPERF::TA XV,TA XV,2024,200000000.0,0.0,0.0,0.0,0.0,,0.0,,True,False,True,Oregon PERS OPERF,2024-03-31
OPERF::Tailwind Capital Partners,Tailwind Capital Partners,2006,75000000.0,78700000.0,125400000.0,125400000.0,0.0,1.5933926302414232,1.59,0.111,False,False,False,Oregon PERS OPERF,2024-03-31
OPERF::Tailwind Capital Partners II,Tailwind Capital Partners II,2013,75000000.0,70000000.0,103600000.0,103600000.0,0.0,1.48,1.48,0.095,False,True,False,Oregon PERS OPERF,2024-03-31
OPERF::Tailwind Capital Partners III,Tailwind Capital Partners III,2017,200000000.0,156800000.0,157700000.0,157700000.0,0.0,1.0057397959183674,1.01,0.004,False,True,False,Oregon PERS OPERF,2024-03-31
OPERF::TCV VI,TCV VI,2006,25000000.0,24900000.0,39200000.0,39200000.0,0.0,1.5742971887550201,1.58,0.124,False,True,False,Oregon PERS OPERF,2024-03-31
OPERF::TCV VII,TCV VII,2008,75000000.0,73800000.0,216200000.0,216200000.0,0.0,2.9295392953929538,2.93,0.22699999999999998,False,True,False,Oregon PERS OPERF,2024-03-31
OPERF::TCW Crescent Mezzanine Partners,TCW Crescent Mezzanine Partners,1996,50000000.0,59500000.0,79400000.0,79400000.0,0.0,1.334453781512605,1.34,0.079,False,False,False,Oregon PERS OPERF,2024-03-31
OPERF::TCW Crescent Mezzanine Partners II,TCW Crescent Mezzanine Partners II,1998,100000000.0,110600000.0,154700000.0,154700000.0,0.0,1.3987341772151898,1.4,0.135,False,False,False,Oregon PERS OPERF,2024-03-31
OPERF::TCW Crescent Mezzanine Partners III,TCW Crescent Mezzanine Partners III,2001,75000000.0,81200000.0,162000000.0,162000000.0,0.0,1.9950738916256157,1.99,0.363,False,False,False,Oregon PERS OPERF,2024-03-31
OPERF::TCW Crescent Mezzanine Partners IV,TCW Crescent Mezzanine Partners IV,2006,100000000.0,103300000.0,113100000.0,113100000.0,0.0,1.09486931268151,1.1,0.022000000000000002,False,False,False,Oregon PERS OPERF,2024-03-31
OPERF::TCW Crescent Mezzanine Partners V,TCW Crescent Mezzanine Partners V,2007,200000000.0,202200000.0,266800000.0,266800000.0,0.0,1.3194856577645895,1.32,0.092,False,True,False,Oregon PERS OPERF,2024-03-31
OPERF::TCW Special Credits Fund III,TCW Special Credits Fund III,1991,50000000.0,50000000.0,103300000.0,103300000.0,0.0,2.066,2.07,0.217,False,False,False,Oregon PERS OPERF,2024-03-31
OPERF::TCW Special Credits Fund IV,TCW Special Credits Fund IV,1993,25000000.0,25800000.0,50500000.0,50500000.0,0.0,1.9573643410852712,1.96,0.174,False,False,False,Oregon PERS OPERF,2024-03-31
OPERF::TCW Special Credits Fund V ‐ The Principal Fund,TCW Special Credits Fund V ‐ The Principal Fund,1994,50000000.0,50000000.0,86900000.0,86900000.0,0.0,1.738,1.74,0.14800000000000002,False,False,False,Oregon PERS OPERF,2024-03-31
OPERF::TDR Capital III,TDR Capital III,2013,100000000.0,69300000.0,87000000.0,156400000.0,69400000.0,2.2568542568542567,2.26,0.225,False,False,False,Oregon PERS OPERF,2024-03-31
OPERF::TDR Capital IV,TDR Capital IV,2018,190600000.0,168300000.0,53800000.0,247400000.0,193600000.0,1.4699940582293523,1.47,0.155,False,False,False,Oregon PERS OPERF,2024-03-31
OPERF::TDR Capital V,TDR Capital V,2023,226300000.0,5300000.0,0.0,-1300000.0,-1300000.0,-0.24528301886792453,0.24,,True,False,False,Oregon PERS OPERF,2024-03-31
OPERF::Terra Firma Capital Partners III,Terra Firma Capital Partners III,2006,150000000.0,157800000.0,67600000.0,67600000.0,0.0,0.42839036755386567,0.43,0.10099999999999999,False,True,False,Oregon PERS OPERF,2024-03-31
OPERF::The Baring Asia Private Equity Fund V,The Baring Asia Private Equity Fund V,2010,80000000.0,108700000.0,144500000.0,144500000.0,0.0,1.329346826126955,1.33,0.063,False,True,False,Oregon PERS OPERF,2024-03-31
"OPERF::The Baring Asia Private Equity Fund VI, L.P. 1","The Baring Asia Private Equity Fund VI, L.P. 1",2015,130000000.0,147100000.0,246100000.0,246100000.0,0.0,1.673011556764106,1.67,0.156,False,True,False,Oregon PERS OPERF,2024-03-31
OPERF::Thoma Bravo Fund XIV,Thoma Bravo Fund XIV,2021,250000000.0,253100000.0,32600000.0,298700000.0,266100000.00000003,1.1801659423152904,1.18,,True,False,False,Oregon PERS OPERF,2024-03-31
OPERF::Thoma Bravo Fund XV,Thoma Bravo Fund XV,2022,250000000.0,178300000.0,100000.0,208600000.0,208500000.0,1.1699383062254627,1.17,,True,False,False,Oregon PERS OPERF,2024-03-31
OPERF::Thomas Weisel Capital Partners,Thomas Weisel Capital Partners,1999,100000000.0,110800000.0,65500000.0,65500000.0,0.0,0.5911552346570397,0.59,0.098,False,False,False,Oregon PERS OPERF,2024-03-31
OPERF::TPG Growth II,TPG Growth II,2011,75000000.0,83400000.0,148300000.0,150200000.0,1900000.0,1.8009592326139088,1.8,0.14800000000000002,False,False,False,Oregon PERS OPERF,2024-03-31
OPERF::TPG Growth III,TPG Growth III,2015,200000000.0,240700000.0,270400000.0,401000000.0,130600000.0,1.6659742417947652,1.67,0.174,False,False,False,Oregon PERS OPERF,2024-03-31
OPERF::TPG Growth IV,TPG Growth IV,2017,200000000.0,220400000.0,109000000.0,339600000.0,230600000.0,1.5408348457350272,1.54,0.145,False,False,False,Oregon PERS OPERF,2024-03-31
OPERF::TPG Growth V,TPG Growth V,2020,250000000.0,333300000.0,127600000.0,414400000.0,286800000.0,1.2433243324332433,1.24,0.171,False,False,False,Oregon PERS OPERF,2024-03-31
OPERF::TPG Healthcare Partners,TPG Healthcare Partners,2018,100000000.0,97800000.0,26400000.0,130200000.0,103800000.0,1.3312883435582823,1.33,0.16899999999999998,False,False,False,Oregon PERS OPERF,2024-03-31
OPERF::TPG Healthcare Partners II,TPG Healthcare Partners II,2022,70000000.0,16000000.0,100000.0,17900000.0,17800000.0,1.11875,1.12,,True,False,False,Oregon PERS OPERF,2024-03-31
OPERF::TPG Partners,TPG Partners,1993,50000000.0,51300000.0,181100000.0,181100000.0,0.0,3.530214424951267,3.53,0.363,False,False,False,Oregon PERS OPERF,2024-03-31
OPERF::TPG Partners II,TPG Partners II,1997,300000000.0,327400000.0,552500000.0,552500000.0,0.0,1.6875381795968234,1.69,0.099,False,False,False,Oregon PERS OPERF,2024-03-31
OPERF::TPG Partners III,TPG Partners III,1999,300000000.0,283000000.0,691400000.0,691400000.0,0.0,2.4431095406360424,2.44,0.244,False,False,False,Oregon PERS OPERF,2024-03-31
OPERF::TPG Partners IV,TPG Partners IV,2003,300000000.0,333300000.0,636300000.0,636700000.0,400000.0,1.9102910291029103,1.91,0.152,False,False,False,Oregon PERS OPERF,2024-03-31
OPERF::TPG Partners IX,TPG Partners IX,2022,280000000.0,74000000.0,100000.0,80200000.0,80100000.0,1.0837837837837838,1.08,,True,False,False,Oregon PERS OPERF,2024-03-31
OPERF::TPG Partners V,TPG Partners V,2006,296100000.0,310700000.0,423900000.0,424200000.0,300000.0,1.3653041519150306,1.37,0.048,False,False,False,Oregon PERS OPERF,2024-03-31
OPERF::TPG Partners VI,TPG Partners VI,2008,750000000.0,824600000.0,1220300000.0,1230200000.0,9900000.0,1.4918748484113509,1.49,0.09699999999999999,False,False,False,Oregon PERS OPERF,2024-03-31
OPERF::TPG Partners VII,TPG Partners VII,2015,700000000.0,712600000.0,1126600000.0,1407200000.0,280600000.0,1.9747403873140612,1.97,0.20199999999999999,False,False,False,Oregon PERS OPERF,2024-03-31
OPERF::TPG Partners VIII,TPG Partners VIII,2018,400000000.0,422600000.0,138000000.0,622200000.0,484200000.0,1.4723142451490772,1.47,0.22699999999999998,False,False,False,Oregon PERS OPERF,2024-03-31
OPERF::TPG STAR,TPG STAR,2006,100000000.0,114600000.0,138100000.0,147300000.0,9200000.0,1.2853403141361257,1.29,0.063,False,False,False,Oregon PERS OPERF,2024-03-31
OPERF::TSG Capital Fund II,TSG Capital Fund II,1995,40000000.0,39500000.0,26100000.0,26100000.0,0.0,0.660759493670886,0.66,0.085,False,False,False,Oregon PERS OPERF,2024-03-31
OPERF::TSG Capital Fund III,TSG Capital Fund III,1998,75000000.0,79800000.0,45300000.0,45300000.0,0.0,0.5676691729323309,0.57,0.135,False,False,False,Oregon PERS OPERF,2024-03-31
OPERF::TSG Consumer Partners 9,TSG Consumer Partners 9,2022,250000000.0,62000000.0,100000.0,55000000.0,54900000.0,0.8870967741935484,0.89,,True,False,False,Oregon PERS OPERF,2024-03-31
OPERF::Union Square Ventures 2004,Union Square Ventures 2004,2004,25000000.0,22300000.0,307400000.0,307400000.0,0.0,13.784753363228699,13.82,0.669,False,False,False,Oregon PERS OPERF,2024-03-31
OPERF::Union Square Ventures 2008,Union Square Ventures 2008,2008,25000000.0,23800000.0,97200000.0,104900000.0,7700000.0,4.407563025210084,4.41,0.21,False,False,False,Oregon PERS OPERF,2024-03-31
OPERF::Union Square Ventures 2012,Union Square Ventures 2012,2011,23400000.0,23400000.0,538600000.0,558700000.0,20100000.0,23.876068376068375,23.9,0.536,False,False,False,Oregon PERS OPERF,2024-03-31
OPERF::Union Square Ventures 2014,Union Square Ventures 2014,2014,17400000.0,17400000.0,36000000.0,101400000.0,65400000.00000001,5.827586206896552,5.81,0.297,False,False,False,Oregon PERS OPERF,2024-03-31
OPERF::Union Square Ventures Opportunity 2014,Union Square Ventures Opportunity 2014,2014,13700000.0,13700000.0,70600000.0,87600000.0,17000000.0,6.394160583941606,6.4,0.402,False,False,False,Oregon PERS OPERF,2024-03-31
OPERF::Union Square Ventures Opportunity Fund,Union Square Ventures Opportunity Fund,2010,18300000.0,18300000.0,63200000.0,65900000.0,2700000.0,3.601092896174863,3.61,0.584,False,False,False,Oregon PERS OPERF,2024-03-31
OPERF::USV 2016,USV 2016,2016,19000000.0,15400000.0,44200000.0,106200000.0,62000000.0,6.896103896103896,6.9,0.518,False,False,False,Oregon PERS OPERF,2024-03-31
OPERF::USV 2019,USV 2019,2019,15000000.0,10800000.0,6400000.0,45000000.0,38600000.0,4.166666666666667,4.18,0.5710000000000001,False,False,False,Oregon PERS OPERF,2024-03-31
OPERF::USV 2021,USV 2021,2021,15000000.0,10100000.0,0.0,9300000.0,9300000.0,0.9207920792079208,0.93,,True,False,False,Oregon PERS OPERF,2024-03-31
OPERF::USV 2022,USV 2022,2022,15000000.0,6800000.0,0.0,7200000.0,7200000.0,1.0588235294117647,1.07,,True,False,False,Oregon PERS OPERF,2024-03-31
OPERF::USV Climate 2021,USV Climate 2021,2020,15000000.0,11100000.0,0.0,10700000.0,10700000.0,0.963963963963964,0.97,0.019,False,False,False,Oregon PERS OPERF,2024-03-31
OPERF::USV Climate 2022,USV Climate 2022,2022,15000000.0,2300000.0,0.0,1800000.0,1800000.0,0.782608695652174,0.78,,True,False,False,Oregon PERS OPERF,2024-03-31
OPERF::USV Opportunity 2019,USV Opportunity 2019,2019,18800000.0,13100000.0,700000.0,13700000.0,13000000.0,1.0458015267175573,1.04,0.012,False,False,False,Oregon PERS OPERF,2024-03-31
OPERF::USV Opportunity 2022,USV Opportunity 2022,2022,18800000.0,3900000.0,0.0,4200000.0,4200000.0,1.0769230769230769,1.08,,True,False,False,Oregon PERS OPERF,2024-03-31
OPERF::VantagePoint Cleantech Partners II,VantagePoint Cleantech Partners II,2007,50000000.0,48800000.0,11500000.0,11500000.0,0.0,0.23565573770491804,0.24,0.174,False,True,False,Oregon PERS OPERF,2024-03-31
OPERF::VantagePoint Venture Partners 2006,VantagePoint Venture Partners 2006,2006,50000000.0,50000000.0,16399999.999999998,16399999.999999998,0.0,0.32799999999999996,0.33,0.125,False,True,False,Oregon PERS OPERF,2024-03-31
OPERF::VantagePoint Venture Partners IV,VantagePoint Venture Partners IV,2000,50000000.0,50000000.0,47400000.0,47400000.0,0.0,0.948,0.95,0.006999999999999999,False,True,False,Oregon PERS OPERF,2024-03-31
OPERF::Vector Capital IV,Vector Capital IV,2007,50000000.0,52400000.0,107500000.0,107500000.0,0.0,2.051526717557252,2.05,0.14400000000000002,False,True,False,Oregon PERS OPERF,2024-03-31
OPERF::Veritas Capital Fund IV,Veritas Capital Fund IV,2010,100000000.0,106700000.0,254400000.0,254900000.0,500000.0,2.388940955951265,2.39,0.187,False,False,False,Oregon PERS OPERF,2024-03-31
OPERF::Veritas Capital Fund V,Veritas Capital Fund V,2015,150000000.0,160600000.0,197100000.0,427900000.0,230800000.0,2.664383561643836,2.67,0.185,False,False,False,Oregon PERS OPERF,2024-03-31
OPERF::Veritas Capital Fund VI,Veritas Capital Fund VI,2017,225000000.0,245200000.0,499900000.0,741400000.0,241500000.0,3.023654159869494,3.02,0.377,False,False,False,Oregon PERS OPERF,2024-03-31
OPERF::Veritas Capital Fund VII,Veritas Capital Fund VII,2020,250000000.0,241600000.0,3400000.0,333000000.0,329600000.0,1.3783112582781456,1.38,0.125,False,False,False,Oregon PERS OPERF,2024-03-31
OPERF::Veritas Capital Fund VIII,Veritas Capital Fund VIII,2022,250000000.0,147000000.0,7100000.0,162700000.0,155600000.0,1.1068027210884355,1.11,,True,False,False,Oregon PERS OPERF,2024-03-31
OPERF::Vestar Capital Partners III,Vestar Capital Partners III,1997,25000000.0,24500000.0,27900000.0,27900000.0,0.0,1.1387755102040817,1.14,0.026000000000000002,False,False,False,Oregon PERS OPERF,2024-03-31
OPERF::Vestar Capital Partners IV,Vestar Capital Partners IV,1999,100000000.0,99300000.0,174800000.0,174800000.0,0.0,1.7603222557905338,1.76,0.134,False,False,False,Oregon PERS OPERF,2024-03-31
OPERF::Vestar Capital Partners V,Vestar Capital Partners V,2005,100000000.0,105300000.0,137900000.0,137900000.0,0.0,1.3095916429249763,1.31,0.039,False,False,False,Oregon PERS OPERF,2024-03-31
OPERF::Vestar Capital Partners VI,Vestar Capital Partners VI,2012,75000000.0,81100000.0,147100000.0,147100000.0,0.0,1.813810110974106,1.81,0.301,False,True,False,Oregon PERS OPERF,2024-03-31
OPERF::Vista Equity Partners Fund III,Vista Equity Partners Fund III,2007,100000000.0,109300000.0,262300000.0,267000000.0,4700000.0,2.442817932296432,2.44,0.294,False,False,False,Oregon PERS OPERF,2024-03-31
OPERF::Vista Equity Partners Fund IV,Vista Equity Partners Fund IV,2011,100000000.0,101200000.0,131699999.99999999,204400000.0,72700000.0,2.0197628458498023,2.02,0.14,False,False,False,Oregon PERS OPERF,2024-03-31
OPERF::Vista Equity Partners Fund V,Vista Equity Partners Fund V,2014,200000000.0,251200000.0,298600000.0,584400000.0,285800000.0,2.3264331210191083,2.33,0.188,False,False,False,Oregon PERS OPERF,2024-03-31
OPERF::Vista Equity Partners Fund VI,Vista Equity Partners Fund VI,2016,500000000.0,628300000.0,727700000.0,1279800000.0,552100000.0,2.0369250358109183,2.04,0.17600000000000002,False,False,False,Oregon PERS OPERF,2024-03-31
OPERF::Vista Equity Partners Fund VII,Vista Equity Partners Fund VII,2018,500000000.0,473400000.0,48400000.0,570000000.0,521600000.0,1.2040557667934093,1.2,0.062,False,False,False,Oregon PERS OPERF,2024-03-31
OPERF::Vista Equity Partners Fund VIII,Vista Equity Partners Fund VIII,2022,250000000.0,73300000.0,300000.0,84400000.0,84100000.0,1.1514324693042293,1.15,,True,False,False,Oregon PERS OPERF,2024-03-31
OPERF::Vista Foundation Fund II,Vista Foundation Fund II,2013,75000000.0,80900000.0,129400000.0,160900000.0,31500000.0,1.988875154511743,1.99,0.14300000000000002,False,False,False,Oregon PERS OPERF,2024-03-31
OPERF::Vista Foundation Fund III,Vista Foundation Fund III,2016,200000000.0,231300000.0,235600000.0,437200000.0,201600000.0,1.890185905750108,1.89,0.20600000000000002,False,False,False,Oregon PERS OPERF,2024-03-31
OPERF::Vitruvian Investment Partnership IV,Vitruvian Investment Partnership IV,2020,165500000.0,146500000.0,100000.0,167000000.0,166900000.0,1.1399317406143346,1.14,0.079,False,False,False,Oregon PERS OPERF,2024-03-31
OPERF::Vitruvian Investment Partnership V,Vitruvian Investment Partnership V,2023,224200000.0,18200000.0,0.0,11900000.0,11900000.0,0.6538461538461539,0.66,,True,False,False,Oregon PERS OPERF,2024-03-31
OPERF::Warburg Pincus Private Equity IX,Warburg Pincus Private Equity IX,2005,200000000.0,200100000.0,344100000.0,344300000.0,200000.0,1.72063968015992,1.72,0.096,False,False,False,Oregon PERS OPERF,2024-03-31
OPERF::Warburg Pincus Private Equity X,Warburg Pincus Private Equity X,2007,400000000.0,402600000.0,687300000.0,687300000.0,0.0,1.7071535022354694,1.71,0.09,False,True,False,Oregon PERS OPERF,2024-03-31
OPERF::Wellspring Capital Partners II,Wellspring Capital Partners II,1998,50000000.0,54100000.0,79500000.0,79500000.0,0.0,1.4695009242144177,1.47,0.2,False,False,False,Oregon PERS OPERF,2024-03-31
OPERF::Wellspring Capital Partners III,Wellspring Capital Partners III,2002,75000000.0,82200000.0,170100000.0,170100000.0,0.0,2.0693430656934306,2.07,0.261,False,False,False,Oregon PERS OPERF,2024-03-31
OPERF::Wellspring Capital Partners IV,Wellspring Capital Partners IV,2006,80000000.0,82700000.0,126900000.0,126900000.0,0.0,1.5344619105199517,1.53,0.079,False,False,False,Oregon PERS OPERF,2024-03-31
OPERF::Wellspring Capital Partners V,Wellspring Capital Partners V,2011,100000000.0,113000000.0,163300000.0,199900000.0,36600000.0,1.7690265486725665,1.77,0.162,False,False,False,Oregon PERS OPERF,2024-03-31
OPERF::WLR Recovery Fund IV,WLR Recovery Fund IV,2007,200000000.0,181100000.0,236700000.0,236700000.0,0.0,1.3070127001656544,1.31,0.069,False,True,False,Oregon PERS OPERF,2024-03-31
OPERF::WLR Recovery Fund V,WLR Recovery Fund V,2010,100000000.0,102500000.0,110900000.0,130600000.0,19700000.0,1.2741463414634147,1.27,0.047,False,False,False,Oregon PERS OPERF,2024-03-31
OPERF::Zell‐Chilmark Fund,Zell‐Chilmark Fund,1990,25000000.0,29100000.0,63900000.0,63900000.0,0.0,2.195876288659794,2.19,0.179,False,False,False,Oregon PERS OPERF,2024-03-31
