fund_id,fund_name,vintage,commitment,contributions,distributions,total_value,nav,tvpi_reported,net_irr,not_meaningful,source,as_of
"CALPERS::2024 Golden Bay, L.P.","2024 Golden Bay, L.P.",2025,100000000,24096354,0,25746982,25746982,1.0685011516680076,,True,CalPERS PEP,2026-08-13
"CALPERS::2SP I, L.P.","2SP I, L.P.",2024,600000000,243895444,0,360546696,360546696,1.47828385018951,,True,CalPERS PEP,2026-08-13
"CALPERS::57 Stars Global Opportunities Fund 2 (CalPERS), LLC","57 Stars Global Opportunities Fund 2 (CalPERS), LLC",2009,500000000,530332243,537037595,757666632,220629037,1.4286640912383672,0.057,False,CalPERS PEP,2026-08-13
"CALPERS::57 Stars Global Opportunities Fund, LLC","57 Stars Global Opportunities Fund, LLC",2007,390500000,414998177,558373566,570288048,11914482,1.3741941039900039,0.059000000000000004,False,CalPERS PEP,2026-08-13
"CALPERS::AACP AP Investors, L.P.","AACP AP Investors, L.P.",2007,14108080,15007205,16976917,16976917,0,1.1312510890602214,0.02,False,CalPERS PEP,2026-08-13
CALPERS::AACP China Growth Investors,AACP China Growth Investors,2007,50000000,52040183,83160811,83480582,319771,1.6041561959918549,0.078,False,CalPERS PEP,2026-08-13
CALPERS::AACP India Investors B,AACP India Investors B,2007,5000000,5317745,21092084,21124531,32447,3.9724603191766437,0.128,False,CalPERS PEP,2026-08-13
CALPERS::AACP India Investors C,AACP India Investors C,2009,5000000,5320648,4658216,4703782,45566,0.8840618661486346,-0.016,False,CalPERS PEP,2026-08-13
CALPERS::AACP India Venture Investors A,AACP India Venture Investors A,2007,5000000,5065536,5653594,5705826,52232,1.126401233749005,0.019,False,CalPERS PEP,2026-08-13
"CALPERS::Accel-KKR Capital Partners VII, LP","Accel-KKR Capital Partners VII, LP",2025,180000000,14022210,0,5875818,5875818,0.4190365142156621,,True,CalPERS PEP,2026-08-13
"CALPERS::Acrew Capital Fund III, L.P.","Acrew Capital Fund III, L.P.",2024,70000000,25704357,0,23139553,23139553,0.9002190951518453,,True,CalPERS PEP,2026-08-13
"CALPERS::Acrew Diversify Capital Fund II, L.P.","Acrew Diversify Capital Fund II, L.P.",2024,50000000,11336269,0,9780182,9780182,0.8627337618752695,,True,CalPERS PEP,2026-08-13
CALPERS::Advent Global Technology II Limited Partnership,Advent Global Technology II Limited Partnership,2022,150000000,102024862,0,138732537,138732537,1.3597914692597184,0.141,False,CalPERS PEP,2026-08-13
CALPERS::Advent International GPE IX Limited Partnership,Advent International GPE IX Limited Partnership,2019,550000000,525249416,170666398,859977664,689311266,1.6372748599115055,0.136,False,CalPERS PEP,2026-08-13
"CALPERS::Advent International GPE V-D, L.P.","Advent International GPE V-D, L.P.",2005,81102858,77609736,187471024,187471024,0,2.415560645638583,0.42700000000000005,False,CalPERS PEP,2026-08-13
"CALPERS::Advent International GPE VI-A, L.P.","Advent International GPE VI-A, L.P.",2008,500000000,502306204,1006375016,1045055779,38680763,2.080515372252898,0.163,False,CalPERS PEP,2026-08-13
"CALPERS::Advent International GPE VII-C, L.P.","Advent International GPE VII-C, L.P.",2012,450000000,432732784,747260966,783821767,36560801,1.8113297535598782,0.132,False,CalPERS PEP,2026-08-13
CALPERS::Advent International GPE VIII-B Limited Partnership,Advent International GPE VIII-B Limited Partnership,2016,500000000,500000000,735045954,1041309643,306263689,2.082619286,0.155,False,CalPERS PEP,2026-08-13
CALPERS::Advent International GPE X Limited Partnership,Advent International GPE X Limited Partnership,2022,650000000,355940491,0,493471767,493471767,1.3863883977167408,0.18899999999999997,False,CalPERS PEP,2026-08-13
"CALPERS::AlpInvest Secondaries Fund (onshore) VII, L.P.","AlpInvest Secondaries Fund (onshore) VII, L.P.",2021,373893702,369919723,503684119,503684119,0,1.3616038499250283,0.151,False,CalPERS PEP,2026-08-13
CALPERS::Amberbrook IX LP,Amberbrook IX LP,2023,150000000,98782500,8827689,160034214,151206525,1.6200664490167793,,True,CalPERS PEP,2026-08-13
"CALPERS::American Industrial Partners Capital Fund VIII, L.P.","American Industrial Partners Capital Fund VIII, L.P.",2024,200000000,110713357,5504573,131991766,126487193,1.1921936934854211,,True,CalPERS PEP,2026-08-13
"CALPERS::AMZL, LP","AMZL, LP",2023,600000000,340713158,0,352288844,352288844,1.0339748722002688,,True,CalPERS PEP,2026-08-13
"CALPERS::Apollo European Principal Finance Fund, L.P.","Apollo European Principal Finance Fund, L.P.",2008,82910917,165281284,200770615,200873528,102913,1.2153434626028197,0.11900000000000001,False,CalPERS PEP,2026-08-13
"CALPERS::Apollo Investment Fund IV, L.P.","Apollo Investment Fund IV, L.P.",1998,150000000,154085315,254289011,254312494,23483,1.650465484007999,0.085,False,CalPERS PEP,2026-08-13
"CALPERS::Apollo Investment Fund IX, L.P","Apollo Investment Fund IX, L.P",2019,550000000,565232093,348067516,856769090,508701574,1.5157828095935806,0.153,False,CalPERS PEP,2026-08-13
"CALPERS::Apollo Investment Fund VI, L.P.","Apollo Investment Fund VI, L.P.",2006,520000000,866357105,1218417644,1227281593,8863949,1.4166001362682885,0.08199999999999999,False,CalPERS PEP,2026-08-13
"CALPERS::Apollo Investment Fund VIII, L.P.","Apollo Investment Fund VIII, L.P.",2013,350000000,505117339,639902611,720120205,80217594,1.4256493479824892,0.08800000000000001,False,CalPERS PEP,2026-08-13
"CALPERS::Apollo Investment Fund X, L.P.","Apollo Investment Fund X, L.P.",2023,225000000,103909711,21889541,127855396,105965855,1.23044703685106,,True,CalPERS PEP,2026-08-13
"CALPERS::Apollo S3 Equity & Hybrid Solutions Fund, L.P.","Apollo S3 Equity & Hybrid Solutions Fund, L.P.",2025,175000000,42194086,0,51874089,51874089,1.2294161082195263,,True,CalPERS PEP,2026-08-13
"CALPERS::Apollo Special Opportunities Managed Account, L.P.","Apollo Special Opportunities Managed Account, L.P.",2007,800000000,800000000,1098196169,1098196169,0,1.37274521125,0.038,False,CalPERS PEP,2026-08-13
"CALPERS::ArcLight Energy Partners Fund III, L.P.","ArcLight Energy Partners Fund III, L.P.",2006,200000000,212312180,314980433,314980433,0,1.4835721294934656,0.086,False,CalPERS PEP,2026-08-13
"CALPERS::ArcLight Energy Partners Fund IV, L.P.","ArcLight Energy Partners Fund IV, L.P.",2007,250000000,255794752,388365992,388847672,481680,1.5201550030236741,0.126,False,CalPERS PEP,2026-08-13
"CALPERS::Ares Corporate Opportunities Fund III, L.P.","Ares Corporate Opportunities Fund III, L.P.",2008,400000000,512078628,1059418691,1060812386,1393695,2.0715810580557954,0.20199999999999999,False,CalPERS PEP,2026-08-13
"CALPERS::Ares Corporate Opportunities Fund V, L.P.","Ares Corporate Opportunities Fund V, L.P.",2017,425000000,478380134,249808028,609823744,360015716,1.2747681198651113,0.054000000000000006,False,CalPERS PEP,2026-08-13
"CALPERS::Ares Corporate Opportunities Fund VI, L.P.","Ares Corporate Opportunities Fund VI, L.P.",2021,250000000,320813673,130075166,452789448,322714282,1.4113782737682754,0.16,False,CalPERS PEP,2026-08-13
"CALPERS::Arlington Capital Partners VI, L.P.","Arlington Capital Partners VI, L.P.",2023,300000000,221108525,10210739,322027881,311817142,1.4564245363221522,,True,CalPERS PEP,2026-08-13
CALPERS::Arsenal Capital Partners Growth LP,Arsenal Capital Partners Growth LP,2022,50000000,22094120,928742,13913070,12984328,0.6297182236721807,-0.20600000000000002,False,CalPERS PEP,2026-08-13
CALPERS::Arsenal Capital Partners VI LP,Arsenal Capital Partners VI LP,2022,150000000,84356587,4250801,78505886,74255085,0.9306432229174942,-0.036000000000000004,False,CalPERS PEP,2026-08-13
CALPERS::ASF VIII B L.P.,ASF VIII B L.P.,2020,300000000,239832449,100729623,333737432,233007809,1.3915441108638307,0.126,False,CalPERS PEP,2026-08-13
CALPERS::Asia Alternatives Capital Partners II LP,Asia Alternatives Capital Partners II LP,2008,48933451,50415824,124295112,126331029,2035917,2.505781299934719,0.16699999999999998,False,CalPERS PEP,2026-08-13
"CALPERS::Asia Alternatives Capital Partners, LP","Asia Alternatives Capital Partners, LP",2007,50000000,53499274,95335473,95677572,342099,1.7883901003965026,0.11,False,CalPERS PEP,2026-08-13
"CALPERS::B Capital Ascent Fund III, L.P.","B Capital Ascent Fund III, L.P.",2024,107567115,26287604,39669,50410806,50371137,1.9176645387689193,,True,CalPERS PEP,2026-08-13
"CALPERS::B Capital Global Growth III, L.P.","B Capital Global Growth III, L.P.",2023,67500000,59384265,2446753,71278146,68831393,1.2002867426244983,,True,CalPERS PEP,2026-08-13
"CALPERS::B Capital Global Growth IV, L.P.","B Capital Global Growth IV, L.P.",2025,271115384,19126892,0,15447102,15447102,0.8076117123472021,,True,CalPERS PEP,2026-08-13
"CALPERS::B Capital MESA Venture Fund I, L.P.","B Capital MESA Venture Fund I, L.P.",2025,35559626,1662500,0,841380,841380,0.5060932330827068,,True,CalPERS PEP,2026-08-13
"CALPERS::B Capital Opportunities Fund II, L.P.","B Capital Opportunities Fund II, L.P.",2024,240000000,54388376,0,78291046,78291046,1.4394812229730853,,True,CalPERS PEP,2026-08-13
"CALPERS::Bain Capital Asia Fund V, L.P.","Bain Capital Asia Fund V, L.P.",2023,300000000,122340237,17682253,162246923,144564670,1.3261942838969651,,True,CalPERS PEP,2026-08-13
"CALPERS::Bain Capital Europe Fund VI, SCSp","Bain Capital Europe Fund VI, SCSp",2023,170964075,59045325,0,78444817,78444817,1.328552548402435,,True,CalPERS PEP,2026-08-13
"CALPERS::Bain Capital Insurance Fund, L.P.","Bain Capital Insurance Fund, L.P.",2023,125000000,72169064,9091771,85917149,76825378,1.1904983137927354,,True,CalPERS PEP,2026-08-13
"CALPERS::Bain Capital Life Sciences Fund IV, L.P.","Bain Capital Life Sciences Fund IV, L.P.",2024,100000000,15000000,0,12980440,12980440,0.8653626666666666,,True,CalPERS PEP,2026-08-13
"CALPERS::Bain Capital Tech Opportunities Fund II, L.P.","Bain Capital Tech Opportunities Fund II, L.P.",2023,150000000,88614351,29325959,125894790,96568831,1.420704305558814,,True,CalPERS PEP,2026-08-13
"CALPERS::Bain Capital Venture Coinvestment Fund IV, L.P.","Bain Capital Venture Coinvestment Fund IV, L.P.",2023,150000000,83250000,0,98727395,98727395,1.1859146546546546,,True,CalPERS PEP,2026-08-13
"CALPERS::Bain Capital Venture Fund 2022, L.P.","Bain Capital Venture Fund 2022, L.P.",2023,150000000,90760572,0,121825961,121825961,1.3422784620616979,,True,CalPERS PEP,2026-08-13
"CALPERS::Balderton Capital Growth II, S.L.P.","Balderton Capital Growth II, S.L.P.",2024,63000000,25380250,0,25858184,25858184,1.0188309413815861,,True,CalPERS PEP,2026-08-13
"CALPERS::Balderton Capital IX, S.L.P.","Balderton Capital IX, S.L.P.",2024,56000000,14167352,0,12876472,12876472,0.9088834667198218,,True,CalPERS PEP,2026-08-13
CALPERS::Baring Vostok Private Equity Fund IV L.P. / Supplemental,Baring Vostok Private Equity Fund IV L.P. / Supplemental,2007,77775000,91865849,99394006,100086978,692972,1.0894905896967217,0.016,False,CalPERS PEP,2026-08-13
"CALPERS::Base10 Partners III, L.P.","Base10 Partners III, L.P.",2022,50000000,39651593,0,40161758,40161758,1.0128661917820048,0.008,False,CalPERS PEP,2026-08-13
"CALPERS::Base10 Series B I, L.P.","Base10 Series B I, L.P.",2023,50000000,35800000,0,35061423,35061423,0.9793693575418995,,True,CalPERS PEP,2026-08-13
"CALPERS::Bay State Partners, L.P.","Bay State Partners, L.P.",2022,261335808,256648491,11790288,319537330,307747042,1.2450388028971502,0.166,False,CalPERS PEP,2026-08-13
"CALPERS::BC CLP INVESTORS, L.P.","BC CLP INVESTORS, L.P.",2023,2000000000,1043513785,55622106,1337784113,1282162007,1.2819994639553325,,True,CalPERS PEP,2026-08-13
CALPERS::BDC III C LP,BDC III C LP,2017,131628369,120201932,297171348,444477351,147306003,3.6977554653614053,0.386,False,CalPERS PEP,2026-08-13
CALPERS::BDC IV D LP,BDC IV D LP,2021,203729183,180973723,0,208553304,208553304,1.1523954999809558,0.067,False,CalPERS PEP,2026-08-13
CALPERS::BDC V C LP,BDC V C LP,2025,108070901,7568901,0,4696375,4696375,0.620483079379688,,True,CalPERS PEP,2026-08-13
CALPERS::BE VI 'H' L.P.,BE VI 'H' L.P.,2019,393226136,376217628,291601546,706326203,414724657,1.8774404770847155,0.171,False,CalPERS PEP,2026-08-13
"CALPERS::Bear Coast (CV) Fund, LP","Bear Coast (CV) Fund, LP",2023,400000000,356000000,0,442984073,442984073,1.2443372837078652,,True,CalPERS PEP,2026-08-13
"CALPERS::Bear Coast (Ventures) Fund, LP","Bear Coast (Ventures) Fund, LP",2023,1650000000,1608171255,0,1920061788,1920061788,1.19394111916271,,True,CalPERS PEP,2026-08-13
"CALPERS::Bear Coast Partnerships, L.P.","Bear Coast Partnerships, L.P.",2025,150000000,13937216,0,12798481,12798481,0.9182953754896244,,True,CalPERS PEP,2026-08-13
"CALPERS::Bear Technology Fund, L.P.","Bear Technology Fund, L.P.",2021,100000000,95495070,0,89507508,89507508,0.9372997789309961,-0.021,False,CalPERS PEP,2026-08-13
"CALPERS::Berkshire Fund X, L.P.","Berkshire Fund X, L.P.",2021,305107189,407787792,180051587,473168296,293116709,1.1603297236519527,0.085,False,CalPERS PEP,2026-08-13
"CALPERS::Berkshire Fund XI, L.P.","Berkshire Fund XI, L.P.",2025,300000000,616989,0,0,0,0.0,,True,CalPERS PEP,2026-08-13
CALPERS::Bessemer Venture Partners XII Institutional L.P.,Bessemer Venture Partners XII Institutional L.P.,2024,115000000,39452643,0,40693920,40693920,1.0314624548727953,,True,CalPERS PEP,2026-08-13
CALPERS::Biogeneration Capital Fund V Cooperatief U.A.,Biogeneration Capital Fund V Cooperatief U.A.,2023,22872391,6306732,0,7834180,7834180,1.242193262691359,,True,CalPERS PEP,2026-08-13
"CALPERS::Birch Hill Equity Partners (US) III, LP","Birch Hill Equity Partners (US) III, LP",2005,126541940,142696482,271382079,271382079,0,1.9018133817762934,0.121,False,CalPERS PEP,2026-08-13
"CALPERS::Birch Hill Equity Partners (US) IV, LP","Birch Hill Equity Partners (US) IV, LP",2011,136670383,132058486,354029530,358878016,4848486,2.7175687596479032,0.158,False,CalPERS PEP,2026-08-13
CALPERS::BjorkTree AB,BjorkTree AB,2024,201219225,157611803,0,164409650,164409650,1.0431303168329342,,True,CalPERS PEP,2026-08-13
CALPERS::Blackstone Capital Partners IX L.P.,Blackstone Capital Partners IX L.P.,2025,200000000,11975471,0,14439070,14439070,1.2057204263615184,,True,CalPERS PEP,2026-08-13
CALPERS::Blackstone Capital Partners V L.P.,Blackstone Capital Partners V L.P.,2006,38400000,794822847,1222737110,1222737110,0,1.5383769032497376,0.078,False,CalPERS PEP,2026-08-13
CALPERS::Blackstone Capital Partners VI L.P.,Blackstone Capital Partners VI L.P.,2011,375000000,544092832,907753368,977420447,69667079,1.7964222087013269,0.12300000000000001,False,CalPERS PEP,2026-08-13
"CALPERS::Blackstone Capital Partners VII, L.P.","Blackstone Capital Partners VII, L.P.",2016,375000000,539128372,664033882,963019360,298985478,1.7862524215290232,0.153,False,CalPERS PEP,2026-08-13
"CALPERS::Blackstone Capital Partners VIII, L.P.","Blackstone Capital Partners VIII, L.P.",2021,262500000,448747147,286425220,556885054,270459834,1.2409773693781279,0.13,False,CalPERS PEP,2026-08-13
CALPERS::Blackstone Communications Partners I L.P.,Blackstone Communications Partners I L.P.,2000,100000000,111242017,136083476,136104583,21107,1.223499777067149,0.065,False,CalPERS PEP,2026-08-13
"CALPERS::Blackstone Core Equity Partners II, L.P.","Blackstone Core Equity Partners II, L.P.",2021,1000000000,452202883,63427426,672163633,608736207,1.4864204945814112,0.151,False,CalPERS PEP,2026-08-13
CALPERS::Blackstone Tactical Opportunities Fund - C L.P.,Blackstone Tactical Opportunities Fund - C L.P.,2012,800000000,994514198,1330108332,1342029087,11920755,1.3494318026820167,0.09300000000000001,False,CalPERS PEP,2026-08-13
CALPERS::Blackstone Tactical Opportunities Fund II - C L.P.,Blackstone Tactical Opportunities Fund II - C L.P.,2015,500000000,498438888,658255842,744780344,86524502,1.4942259962669686,0.125,False,CalPERS PEP,2026-08-13
CALPERS::Blackstone Tactical Opportunities Fund III-C (Surge) L.P.,Blackstone Tactical Opportunities Fund III-C (Surge) L.P.,2019,500000000,511480494,353995971,815674300,461678329,1.5947319781856628,0.158,False,CalPERS PEP,2026-08-13
CALPERS::Blackstone Tactical Opportunities Fund III-C L.P.,Blackstone Tactical Opportunities Fund III-C L.P.,2018,175000000,361756448,356249808,483351691,127101883,1.3361246044742234,0.11800000000000001,False,CalPERS PEP,2026-08-13
"CALPERS::Blackwell Capital Partners, LP","Blackwell Capital Partners, LP",2023,1720093396,401518202,10870068,657896842,647026774,1.6385230824479533,,True,CalPERS PEP,2026-08-13
"CALPERS::BOND III, LP","BOND III, LP",2022,75000000,51112500,0,56549786,56549786,1.1063787918806554,0.098,False,CalPERS PEP,2026-08-13
CALPERS::Bridgepoint Europe III 'C' L.P.,Bridgepoint Europe III 'C' L.P.,2015,28161079,16760648,18955256,19993790,1038534,1.192900775674067,0.042,False,CalPERS PEP,2026-08-13
CALPERS::Bridgepoint Europe III 'D' LP,Bridgepoint Europe III 'D' LP,2005,194511309,191932333,228563948,234745315,6181367,1.223062895817559,0.024,False,CalPERS PEP,2026-08-13
CALPERS::Bridgepoint Europe IV 'B' L.P.,Bridgepoint Europe IV 'B' L.P.,2015,89940202,67960669,85943129,94855903,8912774,1.39574704598626,0.11900000000000001,False,CalPERS PEP,2026-08-13
CALPERS::Bridgepoint Europe IV 'D' LP,Bridgepoint Europe IV 'D' LP,2008,389546417,391605384,572782445,606634352,33851907,1.5490960461360765,0.09300000000000001,False,CalPERS PEP,2026-08-13
CALPERS::Bridgepoint Europe VII D LP,Bridgepoint Europe VII D LP,2024,101295810,66809145,0,81363626,81363626,1.2178516279470424,,True,CalPERS PEP,2026-08-13
"CALPERS::BRV Lotus Fund III, L.P.","BRV Lotus Fund III, L.P.",2022,100000000,109274445,19673015,125903440,106230425,1.1521764306375566,0.051,False,CalPERS PEP,2026-08-13
"CALPERS::Butterfly II, LP","Butterfly II, LP",2022,125000000,107669482,37834353,146712553,108878200,1.3626196604159384,0.179,False,CalPERS PEP,2026-08-13
CALPERS::BVP Forge Institutional L.P.,BVP Forge Institutional L.P.,2023,35000000,24861378,0,31564645,31564645,1.2696257222749279,,True,CalPERS PEP,2026-08-13
CALPERS::CA Co-Investment Limited Partnership,CA Co-Investment Limited Partnership,2022,1950000000,714466640,1469515,1203645395,1202175880,1.6846768310973903,0.245,False,CalPERS PEP,2026-08-13
"CALPERS::CA1 SPV, L.P.","CA1 SPV, L.P.",2023,1200000000,964448367,0,1256556647,1256556647,1.3028760170009184,,True,CalPERS PEP,2026-08-13
"CALPERS::Calah Opportunities, L.P.","Calah Opportunities, L.P.",2025,200000000,25012469,0,25013701,25013701,1.00004925543336,,True,CalPERS PEP,2026-08-13
"CALPERS::California Asia Investors, L.P.","California Asia Investors, L.P.",2008,150000000,149713894,626729398,632589493,5860095,4.225322554231339,0.265,False,CalPERS PEP,2026-08-13
"CALPERS::California Community Venture Fund, LLC","California Community Venture Fund, LLC",2003,100000000,100067655,88478382,90981875,2503493,0.9092036282852836,-0.016,False,CalPERS PEP,2026-08-13
"CALPERS::California Emerging Ventures IV, LLC","California Emerging Ventures IV, LLC",2006,463143016,489333698,872675299,910446908,37771609,1.860584937683977,0.11699999999999999,False,CalPERS PEP,2026-08-13
"CALPERS::California Partners, L.P.","California Partners, L.P.",2020,850000000,592164364,27218275,863746817,836528542,1.4586268095660009,0.152,False,CalPERS PEP,2026-08-13
"CALPERS::CalPERS Clean Energy & Technology Fund, LLC","CalPERS Clean Energy & Technology Fund, LLC",2007,465000000,468423814,132249749,137914911,5665162,0.2944233552566565,-0.185,False,CalPERS PEP,2026-08-13
"CALPERS::CalPERS Corporate Partners, LLC","CalPERS Corporate Partners, LLC",2001,500000000,533507990,831997162,831997403,241,1.559484428714929,0.09300000000000001,False,CalPERS PEP,2026-08-13
"CALPERS::CalPERS Wellspring V, L.P.","CalPERS Wellspring V, L.P.",2011,24975000,27004887,47927588,52928091,5000503,1.9599449166367555,0.212,False,CalPERS PEP,2026-08-13
CALPERS::Canaan Gold Coast L.P.,Canaan Gold Coast L.P.,2023,235000000,132037500,0,137869572,137869572,1.044169815393354,,True,CalPERS PEP,2026-08-13
CALPERS::Canaan XIII Healthcare Fund L.P.,Canaan XIII Healthcare Fund L.P.,2024,37083465,4450016,0,3403981,3403981,0.7649368002272351,,True,CalPERS PEP,2026-08-13
CALPERS::Canaan XIII L.P.,Canaan XIII L.P.,2024,205000000,48380000,200000,45294309,45094309,0.9362196982224059,,True,CalPERS PEP,2026-08-13
CALPERS::Cap Co-Invest LP,Cap Co-Invest LP,2025,100000000,12970000,0,15117922,15117922,1.1656069390902082,,True,CalPERS PEP,2026-08-13
"CALPERS::Capital Link Fund I, LLC","Capital Link Fund I, LLC",2007,502300000,600793839,868617671,901051125,32433454,1.4997675850001517,0.076,False,CalPERS PEP,2026-08-13
"CALPERS::Capital Link Fund II, LLC","Capital Link Fund II, LLC",2008,435600000,472726158,786125354,795134138,9008784,1.6820184890212908,0.11800000000000001,False,CalPERS PEP,2026-08-13
CALPERS::CapVest Equity Partners V SCSp,CapVest Equity Partners V SCSp,2023,345777757,74749074,0,115483622,115483622,1.5449505367785559,,True,CalPERS PEP,2026-08-13
"CALPERS::Carlyle Asia Growth Partners III, L.P.","Carlyle Asia Growth Partners III, L.P.",2005,75000000,84766869,78177512,78177512,0,0.9222649476412772,-0.013999999999999999,False,CalPERS PEP,2026-08-13
"CALPERS::Carlyle Asia Partners III, L.P.","Carlyle Asia Partners III, L.P.",2008,150000000,371700862,584513151,584513151,0,1.572536441952077,0.12,False,CalPERS PEP,2026-08-13
"CALPERS::Carlyle Asia Partners V, L.P.","Carlyle Asia Partners V, L.P.",2018,125000000,222315337,188644914,302225924,113581010,1.3594470272647001,0.161,False,CalPERS PEP,2026-08-13
"CALPERS::Carlyle Europe Partners II, L.P.","Carlyle Europe Partners II, L.P.",2003,42142174,93186079,149009090,149096098,87008,1.5999825252868511,0.19699999999999998,False,CalPERS PEP,2026-08-13
"CALPERS::Carlyle Europe Partners III, L.P.","Carlyle Europe Partners III, L.P.",2007,241179624,460698733,742254678,743142884,888206,1.6130777681127246,0.111,False,CalPERS PEP,2026-08-13
"CALPERS::Carlyle Europe Partners V, S.C.Sp.","Carlyle Europe Partners V, S.C.Sp.",2019,163936578,287702618,204122258,319564670,115442412,1.110746479199574,0.046,False,CalPERS PEP,2026-08-13
"CALPERS::Carlyle Partners V, L.P.","Carlyle Partners V, L.P.",2007,800000000,1067512609,1725940265,1747216502,21276237,1.6367174375923461,0.128,False,CalPERS PEP,2026-08-13
"CALPERS::Carlyle Partners VI, L.P.","Carlyle Partners VI, L.P.",2013,300850000,597079518,1121909168,1184987411,63078243,1.9846391900517344,0.158,False,CalPERS PEP,2026-08-13
"CALPERS::Carlyle Partners VII, L.P.","Carlyle Partners VII, L.P.",2018,300000000,607216929,578020433,902643967,324623534,1.4865263530885517,0.13,False,CalPERS PEP,2026-08-13
"CALPERS::Carlyle Partners VIII, L.P.","Carlyle Partners VIII, L.P.",2022,177206640,232168579,160290145,277889026,117598881,1.1969277978825894,0.114,False,CalPERS PEP,2026-08-13
"CALPERS::Carlyle Strategic Partners IV, L.P.","Carlyle Strategic Partners IV, L.P.",2016,150000000,219267579,138226783,252932661,114705878,1.1535342441118484,0.054000000000000006,False,CalPERS PEP,2026-08-13
"CALPERS::Carlyle U.S. Equity Opportunities II, L.P.","Carlyle U.S. Equity Opportunities II, L.P.",2015,200000000,222684320,312752446,415243748,102491302,1.8647192941110537,0.154,False,CalPERS PEP,2026-08-13
"CALPERS::Carmel Co-Investment, L.P.","Carmel Co-Investment, L.P.",2025,100000000,43185776,0,43185776,43185776,1.0,,True,CalPERS PEP,2026-08-13
"CALPERS::CDH Fund V, L.P.","CDH Fund V, L.P.",2014,200000000,229896804,281695388,336631960,54936572,1.4642742053952171,0.08,False,CalPERS PEP,2026-08-13
CALPERS::Cedar Street Partners LP,Cedar Street Partners LP,2021,1000000000,399655362,39764905,842953490,803188585,2.1092010020373504,0.391,False,CalPERS PEP,2026-08-13
"CALPERS::Centerbridge Capital Partners III, L.P.","Centerbridge Capital Partners III, L.P.",2015,150000000,208459541,238493538,323242484,84748946,1.5506245598036694,0.13,False,CalPERS PEP,2026-08-13
"CALPERS::Cerberus CAL II Partners, L.P.","Cerberus CAL II Partners, L.P.",2017,500000000,423762376,922371566,1215088522,292716956,2.867381794177971,0.228,False,CalPERS PEP,2026-08-13
"CALPERS::Cerberus CAL III Partners, L.P.","Cerberus CAL III Partners, L.P.",2019,500000000,480956761,42879804,378109404,335229600,0.7861609081320307,-0.059000000000000004,False,CalPERS PEP,2026-08-13
"CALPERS::Cerberus CAL IV Partners, L.P.","Cerberus CAL IV Partners, L.P.",2025,50000000,4950495,0,4910856,4910856,0.9919929219199293,,True,CalPERS PEP,2026-08-13
CALPERS::Cerberus CP Partners LP,Cerberus CP Partners LP,2013,570297030,674624184,1127563528,1481061967,353498439,2.195388191123608,0.161,False,CalPERS PEP,2026-08-13
"CALPERS::Cerberus Institutional Partners V, L.P.","Cerberus Institutional Partners V, L.P.",2012,400000000,479288769,767521291,903992661,136471370,1.8861127559615318,0.134,False,CalPERS PEP,2026-08-13
"CALPERS::Cerberus Supply Chain Fund, L.P.","Cerberus Supply Chain Fund, L.P.",2023,200000000,72373834,767125,158385417,157618292,2.1884348008977943,,True,CalPERS PEP,2026-08-13
"CALPERS::Cerberus Ventures One, L.P.","Cerberus Ventures One, L.P.",2025,45000000,15583757,0,22638390,22638390,1.4526914145286018,,True,CalPERS PEP,2026-08-13
CALPERS::CF24XB SCSp,CF24XB SCSp,2025,29679084,24725526,0,29474623,29474623,1.1920726378075839,,True,CalPERS PEP,2026-08-13
"CALPERS::China Privatization Fund (Del), L.P.","China Privatization Fund (Del), L.P.",2006,100000000,69317995,133415962,133415962,0,1.9246944750782247,0.13699999999999998,False,CalPERS PEP,2026-08-13
"CALPERS::Clayton, Dubilier & Rice Fund X, L.P.","Clayton, Dubilier & Rice Fund X, L.P.",2018,150000000,161652863,249021651,383948865,134927214,2.375144231129392,0.301,False,CalPERS PEP,2026-08-13
"CALPERS::Clayton, Dubilier & Rice Fund XI, L.P.","Clayton, Dubilier & Rice Fund XI, L.P.",2021,142271997,428742377,331034663,476285414,145250751,1.1108895214246572,0.042,False,CalPERS PEP,2026-08-13
"CALPERS::Clayton, Dubilier & Rice Fund XII, L.P.","Clayton, Dubilier & Rice Fund XII, L.P.",2024,500000000,198016315,20116084,292211582,272095498,1.4756944749729335,,True,CalPERS PEP,2026-08-13
"CALPERS::Clearlake Capital Partners III, LP","Clearlake Capital Partners III, LP",2012,50000000,70740191,202436054,203989295,1553241,2.88364071564353,0.40700000000000003,False,CalPERS PEP,2026-08-13
"CALPERS::Clearlake Capital Partners IV, L.P.","Clearlake Capital Partners IV, L.P.",2015,56700000,89141513,148332960,178454666,30121706,2.0019254777513145,0.271,False,CalPERS PEP,2026-08-13
"CALPERS::Clearlake Capital Partners V, L.P.","Clearlake Capital Partners V, L.P.",2018,75000000,114814450,160029523,224960577,64931054,1.9593402833876747,0.32299999999999995,False,CalPERS PEP,2026-08-13
"CALPERS::Clearlake Capital Partners VII, L.P.","Clearlake Capital Partners VII, L.P.",2022,350000000,251073169,941316,278245656,277304340,1.1082253715449777,0.040999999999999995,False,CalPERS PEP,2026-08-13
"CALPERS::Clearlake Capital Partners VIII, L.P.","Clearlake Capital Partners VIII, L.P.",2025,200000000,14450319,0,10079175,10079175,0.697505363030394,,True,CalPERS PEP,2026-08-13
"CALPERS::Clearlake Opportunities Partners (P), L.P.","Clearlake Opportunities Partners (P), L.P.",2015,56700000,84739312,64168643,109393880,45225237,1.290946048747717,0.07200000000000001,False,CalPERS PEP,2026-08-13
"CALPERS::Clearwater Capital Partners Fund III, L.P.","Clearwater Capital Partners Fund III, L.P.",2006,150000000,150000000,157031855,163487837,6455982,1.0899189133333334,0.013000000000000001,False,CalPERS PEP,2026-08-13
"CALPERS::Coalesce Capital Fund I, L.P.","Coalesce Capital Fund I, L.P.",2024,150000000,40024276,1996839,39735381,37738542,0.9927820056008009,,True,CalPERS PEP,2026-08-13
"CALPERS::Coastal Pacific Partners, L.P.","Coastal Pacific Partners, L.P.",2023,173749880,120409743,4035343,139655620,135620277,1.1598365424631794,,True,CalPERS PEP,2026-08-13
"CALPERS::Cobalt Investment Fund, L.P.","Cobalt Investment Fund, L.P.",2024,100000000,278860,0,278860,278860,1.0,,True,CalPERS PEP,2026-08-13
"CALPERS::Coefficient Capital Apex Fund I, LP","Coefficient Capital Apex Fund I, LP",2023,83726563,36409416,9187466,36273849,27086383,0.996276595043436,,True,CalPERS PEP,2026-08-13
"CALPERS::Coefficient Capital Fund II, LP","Coefficient Capital Fund II, LP",2024,93340625,10759431,0,8261312,8261312,0.7678205287993389,,True,CalPERS PEP,2026-08-13
CALPERS::Corps of Discovery LP,Corps of Discovery LP,2025,200000000,112605985,0,112578242,112578242,0.9997536276601994,,True,CalPERS PEP,2026-08-13
"CALPERS::Crosspoint Capital Fund II, LP","Crosspoint Capital Fund II, LP",2023,300000000,193378164,416541,218103961,217687420,1.1278624043612286,,True,CalPERS PEP,2026-08-13
"CALPERS::Crosspoint Capital ISB Fund I, LP","Crosspoint Capital ISB Fund I, LP",2025,295000000,7383569,0,0,0,0.0,,True,CalPERS PEP,2026-08-13
"CALPERS::Crosspoint Capital Ventures Fund I, LP","Crosspoint Capital Ventures Fund I, LP",2025,500000000,15538326,0,4677229,4677229,0.30101241279144225,,True,CalPERS PEP,2026-08-13
CALPERS::CV Consortio Fund L.P.,CV Consortio Fund L.P.,2023,1250000000,630513124,0,1568395076,1568395076,2.4874899764973013,,True,CalPERS PEP,2026-08-13
CALPERS::CVC Capital Partners Asia V L.P.,CVC Capital Partners Asia V L.P.,2020,200000000,192940870,51642095,274007403,222365308,1.4201625762338481,0.126,False,CalPERS PEP,2026-08-13
CALPERS::CVC Capital Partners Asia VI (A) L.P.,CVC Capital Partners Asia VI (A) L.P.,2024,300000000,41652570,3275785,46827295,43551510,1.124235431331128,,True,CalPERS PEP,2026-08-13
CALPERS::CVC Capital Partners IX (A) L.P.,CVC Capital Partners IX (A) L.P.,2024,543178123,69401865,115603,85276791,85161188,1.2287391844585156,,True,CalPERS PEP,2026-08-13
CALPERS::CVC Capital Partners Strategic Opportunities Compounding Capital L.P.,CVC Capital Partners Strategic Opportunities Compounding Capital L.P.,2017,997248350,1072107469,626627409,2083968704,1457341295,1.9438057883728819,0.121,False,CalPERS PEP,2026-08-13
"CALPERS::CVC Capital Partners VI, L.P.","CVC Capital Partners VI, L.P.",2014,566979785,682364607,932055371,1381212794,449157423,2.0241565576978995,0.156,False,CalPERS PEP,2026-08-13
CALPERS::CVC Capital Partners VII (A) L.P.,CVC Capital Partners VII (A) L.P.,2018,440190729,585186495,637845616,1220895490,583049874,2.0863357244770318,0.2,False,CalPERS PEP,2026-08-13
CALPERS::CVC Capital Partners VIII (A) L.P.,CVC Capital Partners VIII (A) L.P.,2021,468635500,764309888,335222910,925205460,589982550,1.2105109125580225,0.087,False,CalPERS PEP,2026-08-13
CALPERS::CVC European Equity Partners III LP,CVC European Equity Partners III LP,2001,200000000,234497567,606506120,611577185,5071065,2.608032112333174,0.41,False,CalPERS PEP,2026-08-13
CALPERS::CVC European Equity Partners IV (D) L.P.,CVC European Equity Partners IV (D) L.P.,2005,325883107,406865452,726781649,727193729,412080,1.7873076355472914,0.172,False,CalPERS PEP,2026-08-13
CALPERS::CVC European Equity Partners V (B) L.P.,CVC European Equity Partners V (B) L.P.,2008,561849829,710667384,1290077106,1303826910,13749804,1.834651398607031,0.16399999999999998,False,CalPERS PEP,2026-08-13
CALPERS::DS Opportunities (C) LP,DS Opportunities (C) LP,2021,509858555,250082392,25544411,482396080,456851669,1.928948600267707,0.305,False,CalPERS PEP,2026-08-13
"CALPERS::EII-C SPV, LP","EII-C SPV, LP",2024,95000000,65243109,0,76846955,76846955,1.1778555034831342,,True,CalPERS PEP,2026-08-13
"CALPERS::EMAlternatives Investments, L.P.","EMAlternatives Investments, L.P.",2007,100000000,117580115,128227193,138206828,9979635,1.1754268823431582,0.031,False,CalPERS PEP,2026-08-13
"CALPERS::Ember Infrastructure Fund II-B, LP","Ember Infrastructure Fund II-B, LP",2024,100000000,29169284,1184463,30401334,29216871,1.0422379239750965,,True,CalPERS PEP,2026-08-13
CALPERS::EQT Healthcare Growth (No.2) SCSp,EQT Healthcare Growth (No.2) SCSp,2025,117121368,29108653,51062,25805595,25754533,0.8865265939993857,,True,CalPERS PEP,2026-08-13
CALPERS::EQT IX (No.2) USD SCSp,EQT IX (No.2) USD SCSp,2021,655495509,832690916,363151057,1118113707,754962650,1.3427715920945629,0.096,False,CalPERS PEP,2026-08-13
CALPERS::EQT X (No.2) USD SCSp,EQT X (No.2) USD SCSp,2022,500000000,225026669,12123397,244405279,232281882,1.0861169482093698,0.079,False,CalPERS PEP,2026-08-13
"CALPERS::Equip Opportunities Fund, L.P.","Equip Opportunities Fund, L.P.",2023,200000000,152137950,0,151891717,151891717,0.9983815149343079,,True,CalPERS PEP,2026-08-13
CALPERS::Essential Innovation Partners (Opportunities) LP,Essential Innovation Partners (Opportunities) LP,2025,100000000,5258252,0,4983718,4983718,0.9477898738972571,,True,CalPERS PEP,2026-08-13
CALPERS::Essential Innovation Partners LP,Essential Innovation Partners LP,2025,100000000,12249691,507,11608949,11608442,0.9476932112001846,,True,CalPERS PEP,2026-08-13
"CALPERS::First Reserve Fund XIII, LP","First Reserve Fund XIII, LP",2014,400000000,480612243,284722962,443577347,158854385,0.9229422543029142,-0.019,False,CalPERS PEP,2026-08-13
CALPERS::Forbion BioEconomy Fund I Cooperatief U.A.,Forbion BioEconomy Fund I Cooperatief U.A.,2024,40489714,10280502,0,9559949,9559949,0.9299107183676439,,True,CalPERS PEP,2026-08-13
CALPERS::Forbion Growth Opportunities Fund II Cooperatief U.A.,Forbion Growth Opportunities Fund II Cooperatief U.A.,2023,17393563,11304085,12776429,19469800,6693371,1.7223685066062402,,True,CalPERS PEP,2026-08-13
CALPERS::Forbion Growth Opportunities Fund III Cooperatief U.A.,Forbion Growth Opportunities Fund III Cooperatief U.A.,2024,389148505,70478741,1447269,152791647,151344378,2.167911129399999,,True,CalPERS PEP,2026-08-13
CALPERS::Forbion Ventures Fund VI Cooperatief U.A.,Forbion Ventures Fund VI Cooperatief U.A.,2023,182558685,65383599,22280690,108337622,86056932,1.6569540933346296,,True,CalPERS PEP,2026-08-13
CALPERS::Forbion Ventures Fund VII Cooperatief U.A.,Forbion Ventures Fund VII Cooperatief U.A.,2024,276153078,34927746,183920,32152959,31969039,0.9205563679946596,,True,CalPERS PEP,2026-08-13
CALPERS::ForCal I Investment Fund C.V.,ForCal I Investment Fund C.V.,2023,333890976,234333132,0,337610076,337610076,1.440727024465324,,True,CalPERS PEP,2026-08-13
"CALPERS::Forecastle, L.P.","Forecastle, L.P.",2020,850000000,809750571,9716798,1169154040,1159437242,1.443844662630068,0.154,False,CalPERS PEP,2026-08-13
CALPERS::Fourth Street Partners - CPS L.P.,Fourth Street Partners - CPS L.P.,2021,500000000,450365526,72974016,797401174,724427158,1.770564414826014,0.17,False,CalPERS PEP,2026-08-13
"CALPERS::Francisco Partners Agility II, L.P.","Francisco Partners Agility II, L.P.",2020,50000000,41800000,38591222,90978647,52387425,2.176522655502392,0.28,False,CalPERS PEP,2026-08-13
"CALPERS::Francisco Partners Agility III, L.P.","Francisco Partners Agility III, L.P.",2025,100000000,5150000,0,6097825,6097825,1.1840436893203883,,True,CalPERS PEP,2026-08-13
"CALPERS::Francisco Partners II, L.P.","Francisco Partners II, L.P.",2006,175000000,174005517,286882216,287494764,612548,1.6522163719671026,0.10400000000000001,False,CalPERS PEP,2026-08-13
"CALPERS::Francisco Partners III, L.P.","Francisco Partners III, L.P.",2011,100000000,95284663,300844853,327549758,26704905,3.4375916090504512,0.22899999999999998,False,CalPERS PEP,2026-08-13
"CALPERS::Francisco Partners VI, L.P.","Francisco Partners VI, L.P.",2021,250000000,243875000,41728571,366969660,325241089,1.5047448898001026,0.142,False,CalPERS PEP,2026-08-13
"CALPERS::Francisco Partners VII, L.P.","Francisco Partners VII, L.P.",2023,450000000,160200000,0,175802383,175802383,1.097393152309613,,True,CalPERS PEP,2026-08-13
"CALPERS::FSP LR, L.P.","FSP LR, L.P.",2024,10000000,311850,0,4898,4898,0.015706269039602372,,True,CalPERS PEP,2026-08-13
"CALPERS::GA Continuity II (GT) Fund, L.P.","GA Continuity II (GT) Fund, L.P.",2025,31619538,28196270,0,36516017,36516017,1.2950655175312196,,True,CalPERS PEP,2026-08-13
"CALPERS::Gaia Investments, S.L.P.","Gaia Investments, S.L.P.",2024,120000000,68525000,0,79420814,79420814,1.1590049470995987,,True,CalPERS PEP,2026-08-13
"CALPERS::GB Palisade Partners, L.P.","GB Palisade Partners, L.P.",2025,70000000,55421986,0,55119480,55119480,0.9945417690372914,,True,CalPERS PEP,2026-08-13
"CALPERS::GC Customer Value Fund, L.P.","GC Customer Value Fund, L.P.",2023,280494000,246965972,14845193,283922923,269077730,1.149643899119835,,True,CalPERS PEP,2026-08-13
"CALPERS::GCM Grosvenor DEM II, L.P.","GCM Grosvenor DEM II, L.P.",2014,250000000,271188893,274479948,468273023,193793075,1.7267411575001341,0.14400000000000002,False,CalPERS PEP,2026-08-13
"CALPERS::GCM Grosvenor DEM III, L.P.","GCM Grosvenor DEM III, L.P.",2019,550000000,543827903,295853662,915353328,619499666,1.6831672721287345,0.19699999999999998,False,CalPERS PEP,2026-08-13
"CALPERS::GCM Grosvenor DEM, L.P.","GCM Grosvenor DEM, L.P.",2012,100000000,116699285,133344367,159632291,26287924,1.3678943362849223,0.084,False,CalPERS PEP,2026-08-13
"CALPERS::GCM Grosvenor Elevate Fund, L.P.","GCM Grosvenor Elevate Fund, L.P.",2023,500000000,64179204,4235857,54534714,50298857,0.8497256214022224,,True,CalPERS PEP,2026-08-13
CALPERS::General Atlantic Managed Account,General Atlantic Managed Account,2020,1050000000,918482984,94509914,1187620549,1093110635,1.2930240077262007,0.086,False,CalPERS PEP,2026-08-13
"CALPERS::General Catalyst Group XI - Health Assurance, L.P.","General Catalyst Group XI - Health Assurance, L.P.",2023,200000000,186286867,0,234749697,234749697,1.260151618739715,,True,CalPERS PEP,2026-08-13
"CALPERS::General Catalyst Group XII - Creation, L.P.","General Catalyst Group XII - Creation, L.P.",2024,200000000,139471954,242490,214564638,214322148,1.5384070549409525,,True,CalPERS PEP,2026-08-13
"CALPERS::General Catalyst Group XII - Endurance, L.P.","General Catalyst Group XII - Endurance, L.P.",2024,293500000,226375101,33867,272774534,272740667,1.2049670338965415,,True,CalPERS PEP,2026-08-13
"CALPERS::General Catalyst Group XII - Health Assurance, L.P.","General Catalyst Group XII - Health Assurance, L.P.",2024,100000000,56497659,4358,53422505,53418147,0.9455702403527906,,True,CalPERS PEP,2026-08-13
"CALPERS::General Catalyst Group XII - Ignition, L.P.","General Catalyst Group XII - Ignition, L.P.",2024,200000000,127195856,148420,150395632,150247212,1.1823941182486322,,True,CalPERS PEP,2026-08-13
"CALPERS::Generation IM Sustainable Private Equity Fund II (A), ILP","Generation IM Sustainable Private Equity Fund II (A), ILP",2025,100000000,9846194,0,10097491,10097491,1.0255222474795844,,True,CalPERS PEP,2026-08-13
"CALPERS::Genstar Capital Partners X, L.P.","Genstar Capital Partners X, L.P.",2021,100000000,101431297,4169719,112243823,108074104,1.1065995044902166,0.04,False,CalPERS PEP,2026-08-13
"CALPERS::Genstar Capital Partners XI, L.P.","Genstar Capital Partners XI, L.P.",2023,200000000,26492440,2314438,32158738,29844300,1.2138835833920922,,True,CalPERS PEP,2026-08-13
"CALPERS::Genstar X Opportunities Fund I, L.P.","Genstar X Opportunities Fund I, L.P.",2021,150000000,134163070,7991326,170526597,162535271,1.2710397652647631,0.08800000000000001,False,CalPERS PEP,2026-08-13
"CALPERS::Genstar XI Opportunities Fund I, L.P.","Genstar XI Opportunities Fund I, L.P.",2023,200000000,111825359,2329405,128204014,125874609,1.1464663753058015,,True,CalPERS PEP,2026-08-13
CALPERS::GI Data Infrastructure Fund II LP,GI Data Infrastructure Fund II LP,2024,150000000,56198563,0,61196122,61196122,1.0889268111713106,,True,CalPERS PEP,2026-08-13
CALPERS::GIM LTE Hazel L.P.,GIM LTE Hazel L.P.,2024,215000000,203850000,0,294088430,294088430,1.4426707382879569,,True,CalPERS PEP,2026-08-13
"CALPERS::Gold Hills Partners, L.P.","Gold Hills Partners, L.P.",2024,400000000,311723361,44941807,445171207,400229400,1.4280970331254705,,True,CalPERS PEP,2026-08-13
"CALPERS::Gorseway Park PE, L.P.","Gorseway Park PE, L.P.",2024,334620000,303928508,0,345296836,345296836,1.1361120359265542,,True,CalPERS PEP,2026-08-13
"CALPERS::Grain Communications Opportunity Fund IV-A, L.P.","Grain Communications Opportunity Fund IV-A, L.P.",2023,200000000,57923271,1181403,52743353,51561950,0.9105727644421187,,True,CalPERS PEP,2026-08-13
"CALPERS::Grandval II, L.P.","Grandval II, L.P.",2019,1050000000,949887367,159053804,1444582002,1285528198,1.5207929404960705,0.135,False,CalPERS PEP,2026-08-13
"CALPERS::Grandval, L.P.","Grandval, L.P.",2018,50000000,49824644,15027711,91220862,76193151,1.8308382093006024,0.15,False,CalPERS PEP,2026-08-13
CALPERS::GranTain Co-Invest L.P.,GranTain Co-Invest L.P.,2021,350000000,214497607,19453459,247061595,227608136,1.1518151575462565,0.064,False,CalPERS PEP,2026-08-13
"CALPERS::GreatPoint Opportunity Fund I, L.P.","GreatPoint Opportunity Fund I, L.P.",2024,100000000,90092346,0,99266591,99266591,1.101831569576399,,True,CalPERS PEP,2026-08-13
"CALPERS::Green Equity Investors CF II, L.P.","Green Equity Investors CF II, L.P.",2021,60537375,60708143,0,101193702,101193702,1.6668884436145577,0.145,False,CalPERS PEP,2026-08-13
"CALPERS::Green Equity Investors CF, L.P.","Green Equity Investors CF, L.P.",2021,186639450,183055172,113710240,246735129,133024889,1.3478730281382052,0.11800000000000001,False,CalPERS PEP,2026-08-13
"CALPERS::Green Equity Investors IX, L.P.","Green Equity Investors IX, L.P.",2023,500000000,312693076,17224331,364257975,347033644,1.164905790878465,,True,CalPERS PEP,2026-08-13
"CALPERS::Green Equity Investors V, L.P.","Green Equity Investors V, L.P.",2007,400000000,445789540,1023767776,1024425248,657472,2.2980019854211924,0.184,False,CalPERS PEP,2026-08-13
"CALPERS::Green Equity Investors VIII, L.P.","Green Equity Investors VIII, L.P.",2020,376206440,570751274,342110217,816271409,474161192,1.4301701041844719,0.106,False,CalPERS PEP,2026-08-13
"CALPERS::Greenbriar Equity Fund VI, L.P.","Greenbriar Equity Fund VI, L.P.",2023,95000000,56883380,14360,65336016,65321656,1.1485958816090043,,True,CalPERS PEP,2026-08-13
"CALPERS::Greenleaf Co-Invest Partners, L.P.","Greenleaf Co-Invest Partners, L.P.",2021,1375000000,782479254,8725142,1127105109,1118379967,1.4404281049475594,0.15,False,CalPERS PEP,2026-08-13
"CALPERS::Griffin Gaming Partners III, L.P.","Griffin Gaming Partners III, L.P.",2025,50000000,16500000,0,14263817,14263817,0.8644737575757576,,True,CalPERS PEP,2026-08-13
"CALPERS::GSC I, L.P.","GSC I, L.P.",2024,1100000000,378068625,0,421185733,421185733,1.1140457185517576,,True,CalPERS PEP,2026-08-13
CALPERS::GSO Energy Partners-C II LP,GSO Energy Partners-C II LP,2016,250000000,231709917,294736437,301616432,6879995,1.3016984163004124,0.08199999999999999,False,CalPERS PEP,2026-08-13
CALPERS::GSO Energy Partners-C LP,GSO Energy Partners-C LP,2013,400000000,477267613,405365415,419838844,14473429,0.8796717660370557,-0.031,False,CalPERS PEP,2026-08-13
"CALPERS::H.I.G. Europe Middle Market LBO Fund, L.P.","H.I.G. Europe Middle Market LBO Fund, L.P.",2021,110570874,98087103,24502837,129949153,105446316,1.3248342445183645,0.20600000000000002,False,CalPERS PEP,2026-08-13
CALPERS::Hanover Opportunities LP,Hanover Opportunities LP,2025,600000000,90195848,0,108439744,108439744,1.202269798494494,,True,CalPERS PEP,2026-08-13
"CALPERS::Healthcare and Fintech, L.P.","Healthcare and Fintech, L.P.",2022,200000000,155674788,0,244455648,244455648,1.5702969706308514,0.289,False,CalPERS PEP,2026-08-13
CALPERS::Hedosophia Partners VI L.P.,Hedosophia Partners VI L.P.,2024,110000000,54999996,0,80414182,80414182,1.4620761426964468,,True,CalPERS PEP,2026-08-13
CALPERS::Hedosophia Strategic Partners L.P.,Hedosophia Strategic Partners L.P.,2024,14134615,12356231,0,15555454,15555454,1.2589157648477112,,True,CalPERS PEP,2026-08-13
"CALPERS::Hellman & Friedman Capital Partners IX, L.P.","Hellman & Friedman Capital Partners IX, L.P.",2020,578721883,715752735,238868287,1228423273,989554986,1.716267661904219,0.138,False,CalPERS PEP,2026-08-13
CALPERS::Hellman & Friedman Capital Partners VII,Hellman & Friedman Capital Partners VII,2011,300000000,286896670,945792700,968515260,22722560,3.3758330481842123,0.24600000000000002,False,CalPERS PEP,2026-08-13
"CALPERS::Hellman & Friedman Capital Partners VIII, L.P.","Hellman & Friedman Capital Partners VIII, L.P.",2016,500000000,520317868,382986163,900076041,517089878,1.7298580278623066,0.10400000000000001,False,CalPERS PEP,2026-08-13
"CALPERS::Hellman & Friedman Capital Partners X, L.P.","Hellman & Friedman Capital Partners X, L.P.",2021,940007767,980540900,154415852,1128191412,973775560,1.1505806764409316,0.055999999999999994,False,CalPERS PEP,2026-08-13
CALPERS::Hg Genesis 10 A L.P.,Hg Genesis 10 A L.P.,2023,143249375,53032481,0,62543968,62543968,1.1793521031007392,,True,CalPERS PEP,2026-08-13
CALPERS::Hg Mercury 4 A L.P.,Hg Mercury 4 A L.P.,2023,57001588,25031331,20645,35159897,35139252,1.4046355345626647,,True,CalPERS PEP,2026-08-13
CALPERS::Hg Saturn 3 A L.P.,Hg Saturn 3 A L.P.,2023,150000000,81947942,0,100568944,100568944,1.2272296478171472,,True,CalPERS PEP,2026-08-13
"CALPERS::Highland Citrus Holdings, L.P.","Highland Citrus Holdings, L.P.",2025,100000000,5049000,0,5025209,5025209,0.9952879778173895,,True,CalPERS PEP,2026-08-13
"CALPERS::HongShan Capital Expansion Fund I, L.P.","HongShan Capital Expansion Fund I, L.P.",2024,134000000,23450000,0,24275801,24275801,1.03521539445629,,True,CalPERS PEP,2026-08-13
"CALPERS::HongShan Capital Growth Fund VII, L.P.","HongShan Capital Growth Fund VII, L.P.",2023,104000000,36456149,0,31648788,31648788,0.8681330548654494,,True,CalPERS PEP,2026-08-13
"CALPERS::HongShan Capital Seed Fund III, L.P.","HongShan Capital Seed Fund III, L.P.",2022,12000000,6004613,0,5197375,5197375,0.8655636924477897,-0.091,False,CalPERS PEP,2026-08-13
"CALPERS::HongShan Capital Venture Fund IX, L.P.","HongShan Capital Venture Fund IX, L.P.",2022,32000000,13143674,0,12052049,12052049,0.9169467380277386,-0.064,False,CalPERS PEP,2026-08-13
"CALPERS::Hornet Co-Invest, L.P.","Hornet Co-Invest, L.P.",2024,1300000000,838178806,0,1086869062,1086869062,1.2967031070456343,,True,CalPERS PEP,2026-08-13
"CALPERS::Innovation Opportunities, L.P.","Innovation Opportunities, L.P.",2023,1994194495,1399142862,0,2352358680,2352358680,1.6812855526686024,,True,CalPERS PEP,2026-08-13
"CALPERS::Insight Partners XI, L.P.","Insight Partners XI, L.P.",2020,400000000,389200000,33425704,678444308,645018604,1.7431765364850977,0.126,False,CalPERS PEP,2026-08-13
"CALPERS::Insight Partners XII Buyout Annex Fund, L.P.","Insight Partners XII Buyout Annex Fund, L.P.",2021,150000000,140430208,0,177609201,177609201,1.2647506795688859,0.08,False,CalPERS PEP,2026-08-13
"CALPERS::Insight Partners XII, L.P.","Insight Partners XII, L.P.",2021,600000000,561929570,663047,603437530,602774483,1.0738668370842275,0.023,False,CalPERS PEP,2026-08-13
"CALPERS::Insight Partners XIII Growth Buyout Fund, L.P.","Insight Partners XIII Growth Buyout Fund, L.P.",2024,100000000,17977879,25474,19949849,19924375,1.109688690195323,,True,CalPERS PEP,2026-08-13
"CALPERS::Insight Partners XIII, L.P.","Insight Partners XIII, L.P.",2024,300000000,72644242,27042,77938305,77911263,1.072876567422921,,True,CalPERS PEP,2026-08-13
"CALPERS::Insight Venture Partners Growth-Buyout Coinvestment Fund (B), L.P.","Insight Venture Partners Growth-Buyout Coinvestment Fund (B), L.P.",2015,400000000,433400000,1221220535,1520074432,298853897,3.5073244854637746,0.257,False,CalPERS PEP,2026-08-13
"CALPERS::Insight Venture Partners IX, L.P.","Insight Venture Partners IX, L.P.",2015,100000000,105668637,269980628,425189445,155208817,4.0237998432780016,0.231,False,CalPERS PEP,2026-08-13
"CALPERS::Insight Venture Partners X, L.P.","Insight Venture Partners X, L.P.",2018,250000000,261808718,298461608,731763609,433302001,2.795031481724761,0.217,False,CalPERS PEP,2026-08-13
"CALPERS::Jade Equity Investors II, L.P.","Jade Equity Investors II, L.P.",2024,150000000,55295097,0,66096506,66096506,1.1953411710264294,,True,CalPERS PEP,2026-08-13
"CALPERS::Jade Equity Investors, L.P.","Jade Equity Investors, L.P.",2020,155000000,160846610,105121048,255263202,150142154,1.586997711670765,0.191,False,CalPERS PEP,2026-08-13
"CALPERS::Jomo Growth Opportunities Fund, L.P.","Jomo Growth Opportunities Fund, L.P.",2025,100000000,20951983,0,20632874,20632874,0.9847695084517776,,True,CalPERS PEP,2026-08-13
"CALPERS::JSC Capital Partners, L.P.","JSC Capital Partners, L.P.",2024,1194450607,1198605317,0,1949909773,1949909773,1.6268155541646074,,True,CalPERS PEP,2026-08-13
"CALPERS::K5 Private Investors, L.P.","K5 Private Investors, L.P.",2021,150000000,107384157,5985446,176289335,170303889,1.6416698694203093,0.179,False,CalPERS PEP,2026-08-13
"CALPERS::Khosla Ventures III, L.P.","Khosla Ventures III, L.P.",2009,200000000,200000000,362846119,369852581,7006462,1.849262905,0.09699999999999999,False,CalPERS PEP,2026-08-13
"CALPERS::Khosla Ventures Seed, L.P.","Khosla Ventures Seed, L.P.",2009,60000000,60000000,12484329,71183741,58699412,1.1863956833333333,0.013999999999999999,False,CalPERS PEP,2026-08-13
CALPERS::KKR 2006 Fund L.P.,KKR 2006 Fund L.P.,2006,400000000,595407506,940703667,940703667,0,1.5799324958459626,0.08199999999999999,False,CalPERS PEP,2026-08-13
CALPERS::KKR Asian Fund II L.P.,KKR Asian Fund II L.P.,2013,350000000,652133628,608674500,676927873,68253373,1.0380201908557305,0.011000000000000001,False,CalPERS PEP,2026-08-13
CALPERS::KKR Asian Fund IV SCSp,KKR Asian Fund IV SCSp,2021,300000000,211812255,71779562,323926598,252147036,1.5293099920021154,0.184,False,CalPERS PEP,2026-08-13
CALPERS::KKR Asian Fund L.P.,KKR Asian Fund L.P.,2007,272575591,355648095,601148863,601238948,90085,1.690544547975155,0.136,False,CalPERS PEP,2026-08-13
"CALPERS::KKR European Fund III, L.P.","KKR European Fund III, L.P.",2008,310974804,420900950,593968810,593968810,0,1.4111842940720376,0.095,False,CalPERS PEP,2026-08-13
CALPERS::KKR European Fund V (USD) SCSp,KKR European Fund V (USD) SCSp,2020,300000000,296030348,136961430,425161363,288199933,1.4362087058722777,0.107,False,CalPERS PEP,2026-08-13
CALPERS::KKR North America Fund XIII SCSp,KKR North America Fund XIII SCSp,2022,600000000,523235252,11312159,655103531,643791372,1.2520248368127918,0.11699999999999999,False,CalPERS PEP,2026-08-13
"CALPERS::KM Corporate Partners Fund II, LP","KM Corporate Partners Fund II, LP",2007,200000000,195212804,238176799,242398189,4221390,1.241712551805772,0.042,False,CalPERS PEP,2026-08-13
"CALPERS::KOALA PACIFIC PARTNERSHIP, L.P.","KOALA PACIFIC PARTNERSHIP, L.P.",2024,200000000,150425662,0,188491949,188491949,1.2530571346264043,,True,CalPERS PEP,2026-08-13
"CALPERS::Lambtown, L.P.","Lambtown, L.P.",2025,250000000,20749137,0,27509436,27509436,1.3258110927697861,,True,CalPERS PEP,2026-08-13
"CALPERS::Lightspeed Opportunity Fund II, LP","Lightspeed Opportunity Fund II, LP",2022,200000000,196000000,0,310947572,310947572,1.5864672040816326,0.265,False,CalPERS PEP,2026-08-13
"CALPERS::Lightspeed Opportunity Fund III, L.P.","Lightspeed Opportunity Fund III, L.P.",2025,200000000,74000000,0,108612031,108612031,1.4677301486486487,,True,CalPERS PEP,2026-08-13
"CALPERS::Lightspeed Venture Partners Select V, L.P.","Lightspeed Venture Partners Select V, L.P.",2022,100000000,94000000,0,140098851,140098851,1.4904133085106384,0.214,False,CalPERS PEP,2026-08-13
"CALPERS::Lightspeed Venture Partners Select VI, L.P.","Lightspeed Venture Partners Select VI, L.P.",2025,100000000,28500000,0,44498912,44498912,1.5613653333333333,,True,CalPERS PEP,2026-08-13
"CALPERS::Lightspeed Venture Partners XIV-A (Inception), L.P.","Lightspeed Venture Partners XIV-A (Inception), L.P.",2022,45000000,40275000,0,64649362,64649362,1.605198311607697,0.235,False,CalPERS PEP,2026-08-13
"CALPERS::Lightspeed Venture Partners XIV-B (Ignite), L.P.","Lightspeed Venture Partners XIV-B (Ignite), L.P.",2022,55000000,48950000,0,83602433,83602433,1.7079148723186925,0.301,False,CalPERS PEP,2026-08-13
"CALPERS::Lightspeed Venture Partners XV-A (Inception), L.P.","Lightspeed Venture Partners XV-A (Inception), L.P.",2025,45000000,7650000,0,7032634,7032634,0.9192985620915033,,True,CalPERS PEP,2026-08-13
"CALPERS::Lightspeed Venture Partners XV-B (Ignite), L.P.","Lightspeed Venture Partners XV-B (Ignite), L.P.",2025,55000000,12650000,0,12565823,12565823,0.9933456916996047,,True,CalPERS PEP,2026-08-13
"CALPERS::Lime Rock Partners IV, LP","Lime Rock Partners IV, LP",2006,43000000,47917078,139501029,139580882,79853,2.91296731407537,0.146,False,CalPERS PEP,2026-08-13
"CALPERS::Lincoln Plaza Fund, L.P.","Lincoln Plaza Fund, L.P.",2024,2000000000,1034232026,9063510,1205641247,1196577737,1.1657357504804247,,True,CalPERS PEP,2026-08-13
"CALPERS::Lindsay Goldberg IV, L.P.","Lindsay Goldberg IV, L.P.",2015,136920941,225007457,391896909,449579565,57682656,1.9980651796798006,0.28800000000000003,False,CalPERS PEP,2026-08-13
"CALPERS::LongRange Capital Fund I, L.P.","LongRange Capital Fund I, L.P.",2020,1500000000,766989605,307388402,1064865035,757476633,1.3883695790114392,0.126,False,CalPERS PEP,2026-08-13
"CALPERS::LS Investments C, L.P.","LS Investments C, L.P.",2024,1000000000,632936627,0,1112261997,1112261997,1.7573038903940694,,True,CalPERS PEP,2026-08-13
"CALPERS::Lux Ventures VIII, L.P.","Lux Ventures VIII, L.P.",2023,300000000,192000000,0,321554175,321554175,1.674761328125,,True,CalPERS PEP,2026-08-13
CALPERS::Magnolia Opportunities LLC,Magnolia Opportunities LLC,2023,100000000,37187000,16120000,44702611,28582611,1.2021031812192433,,True,CalPERS PEP,2026-08-13
"CALPERS::Mayfield Select III, a Delaware Limited Partnership","Mayfield Select III, a Delaware Limited Partnership",2025,24000000,5520000,0,5778337,5778337,1.0468001811594203,,True,CalPERS PEP,2026-08-13
"CALPERS::Mayfield XVII, a Delaware Limited Partnership","Mayfield XVII, a Delaware Limited Partnership",2024,21000000,4410000,0,5361153,5361153,1.2156809523809524,,True,CalPERS PEP,2026-08-13
"CALPERS::MBK Partners Fund VI, L.P.","MBK Partners Fund VI, L.P.",2024,250000000,51081234,176483,42863633,42687150,0.8391268112277789,,True,CalPERS PEP,2026-08-13
"CALPERS::Middlefield Road Private Opportunities Fund, L.P.","Middlefield Road Private Opportunities Fund, L.P.",2021,800000000,231378144,14355102,304694977,290339875,1.3168701750844714,0.113,False,CalPERS PEP,2026-08-13
"CALPERS::Moreton Bay SPV, LP","Moreton Bay SPV, LP",2023,1350000000,1160136987,0,1413237416,1413237416,1.2181642614933714,,True,CalPERS PEP,2026-08-13
"CALPERS::Muir Woods Partners, L.P.","Muir Woods Partners, L.P.",2023,250000000,143613512,6231558,255780215,249548657,1.7810316831469173,,True,CalPERS PEP,2026-08-13
"CALPERS::Namu Co-invest, L.P.","Namu Co-invest, L.P.",2025,250000000,300000,0,300000,300000,1.0,,True,CalPERS PEP,2026-08-13
"CALPERS::New Mountain CAS Continuation Fund, L.P.","New Mountain CAS Continuation Fund, L.P.",2021,90723142,91001432,24840552,67498225,42657673,0.7417270642510329,-0.115,False,CalPERS PEP,2026-08-13
"CALPERS::New Mountain Partners III, L.P.","New Mountain Partners III, L.P.",2007,400000000,470815270,1054284551,1069884046,15599495,2.272407277699383,0.146,False,CalPERS PEP,2026-08-13
"CALPERS::New Mountain Partners VI, L.P.","New Mountain Partners VI, L.P.",2021,289700324,579780755,398128976,787494274,389365298,1.3582621830902268,0.13,False,CalPERS PEP,2026-08-13
"CALPERS::New Mountain Partners VII, L.P.","New Mountain Partners VII, L.P.",2024,250000000,62991125,0,76841729,76841729,1.2198818325597456,,True,CalPERS PEP,2026-08-13
"CALPERS::NM Pacific, L.P.","NM Pacific, L.P.",2021,477000000,335207941,3996176,396667549,392671373,1.1833477089374802,0.066,False,CalPERS PEP,2026-08-13
"CALPERS::Noosa SPV, LP","Noosa SPV, LP",2025,50000000,9000360,0,8235757,8235757,0.9150475092107426,,True,CalPERS PEP,2026-08-13
CALPERS::Nordic Bear SCSp,Nordic Bear SCSp,2021,1800000000,1626996901,122466206,2211483450,2089017244,1.359242570554841,0.133,False,CalPERS PEP,2026-08-13
"CALPERS::Oak HC/FT Partners V, L.P.","Oak HC/FT Partners V, L.P.",2022,200000000,136379442,28453116,157636798,129183682,1.1558692108448427,0.14800000000000002,False,CalPERS PEP,2026-08-13
"CALPERS::Oaktree Latigo Investment Fund, L.P.","Oaktree Latigo Investment Fund, L.P.",2020,1000000000,480000000,352500000,669945252,317445252,1.395719275,0.10099999999999999,False,CalPERS PEP,2026-08-13
"CALPERS::Oaktree Opportunities Fund VIIIb, L.P.","Oaktree Opportunities Fund VIIIb, L.P.",2011,200000000,200000000,328021456,336486955,8465499,1.682434775,0.08199999999999999,False,CalPERS PEP,2026-08-13
"CALPERS::OHA Black Bear Fund, L.P.","OHA Black Bear Fund, L.P.",2020,1000000000,260000000,183415842,409813503,226397661,1.5762057807692307,0.12,False,CalPERS PEP,2026-08-13
"CALPERS::One Rock Capital Partners IV, LP","One Rock Capital Partners IV, LP",2025,125000000,18314486,0,19435447,19435447,1.0612062495229186,,True,CalPERS PEP,2026-08-13
"CALPERS::Onex Partners IV, L.P.","Onex Partners IV, L.P.",2014,260622914,329577280,362935888,452402703,89466815,1.3726756377138618,0.066,False,CalPERS PEP,2026-08-13
CALPERS::Onex Partners V-B LP,Onex Partners V-B LP,2018,455585109,481826963,135123870,722480966,587357096,1.4994614695317496,0.10099999999999999,False,CalPERS PEP,2026-08-13
"CALPERS::Orchard Park, L.P.","Orchard Park, L.P.",2023,535350000,447398083,0,554221681,554221681,1.2387663292692292,,True,CalPERS PEP,2026-08-13
"CALPERS::Otro Capital Fund I-A, LP","Otro Capital Fund I-A, LP",2025,100000000,17475760,253884,21031912,20778028,1.2034905491949992,,True,CalPERS PEP,2026-08-13
CALPERS::PAG Asia I LP,PAG Asia I LP,2012,100000000,122564884,214124518,221712604,7588086,1.8089406750468593,0.17300000000000001,False,CalPERS PEP,2026-08-13
CALPERS::PAG Asia III LP,PAG Asia III LP,2019,380000000,383025285,120613628,514023789,393410161,1.3420100686042176,0.085,False,CalPERS PEP,2026-08-13
"CALPERS::Palladium Equity Partners V, L.P.","Palladium Equity Partners V, L.P.",2018,75000000,79462483,52598344,128417049,75818705,1.616071435874965,0.132,False,CalPERS PEP,2026-08-13
CALPERS::Pantheon Global Secondary Fund VII Feeder (US) LP,Pantheon Global Secondary Fund VII Feeder (US) LP,2023,200000000,106178352,0,139493120,139493120,1.313762338296605,,True,CalPERS PEP,2026-08-13
"CALPERS::Parker Capital Partners, L.P.","Parker Capital Partners, L.P.",2025,300000000,100431304,0,95225846,95225846,0.9481689693086132,,True,CalPERS PEP,2026-08-13
"CALPERS::Patient Square Equity Partners, LP","Patient Square Equity Partners, LP",2023,300000000,271356960,1827337,344974108,343146771,1.2712926471464008,,True,CalPERS PEP,2026-08-13
"CALPERS::Patria Brazilian Private Equity Fund V, L.P.","Patria Brazilian Private Equity Fund V, L.P.",2015,150000000,155136240,47749770,236390282,188640512,1.5237592583138537,0.08,False,CalPERS PEP,2026-08-13
CALPERS::Permira Europe III,Permira Europe III,2004,126989866,126989866,219524851,219589928,65077,1.7291925325757884,0.266,False,CalPERS PEP,2026-08-13
CALPERS::Permira Growth Opportunities I L.P. 1,Permira Growth Opportunities I L.P. 1,2019,200000000,206766438,52662033,280862855,228200822,1.3583580474506216,0.086,False,CalPERS PEP,2026-08-13
CALPERS::Permira Growth Opportunities II SCSP,Permira Growth Opportunities II SCSP,2022,155000000,100751892,6433550,107568194,101134644,1.0676543324863814,0.032,False,CalPERS PEP,2026-08-13
CALPERS::Permira IV L.P.2,Permira IV L.P.2,2006,281580283,354598629,512823310,562868424,50045114,1.5873395381909388,0.08199999999999999,False,CalPERS PEP,2026-08-13
"CALPERS::Permira V, L.P.","Permira V, L.P.",2014,268682881,273142099,658376282,772610738,114234456,2.828603649267556,0.20600000000000002,False,CalPERS PEP,2026-08-13
CALPERS::Permira VI L.P. 1,Permira VI L.P. 1,2017,498876684,488579133,519339517,981531072,462191555,2.0089500465833443,0.149,False,CalPERS PEP,2026-08-13
CALPERS::Permira VII L.P.1,Permira VII L.P.1,2020,548992282,613422709,170192548,834044038,663851490,1.3596562790439504,0.08199999999999999,False,CalPERS PEP,2026-08-13
CALPERS::Permira VIII-2 SCSp,Permira VIII-2 SCSp,2023,726297997,475230363,10226737,596052102,585825365,1.2542382566578558,,True,CalPERS PEP,2026-08-13
"CALPERS::Phoenix Bear Partners, L.P.","Phoenix Bear Partners, L.P.",2023,1975000000,1558445848,60407123,2102633897,2042226774,1.349186370317822,,True,CalPERS PEP,2026-08-13
"CALPERS::Pioneer Pier Investments, L.P.","Pioneer Pier Investments, L.P.",2024,300000000,98271945,1043992,120129611,119085619,1.2224202034466705,,True,CalPERS PEP,2026-08-13
CALPERS::Pophouse Fund (No. 1) SCS,Pophouse Fund (No. 1) SCS,2024,113191487,31962938,593474,33728847,33135373,1.0552486445394975,,True,CalPERS PEP,2026-08-13
CALPERS::Pophouse Investment Platform SCA SICAV-RAIF -- Pophouse Co-Investment Fund II,Pophouse Investment Platform SCA SICAV-RAIF -- Pophouse Co-Investment Fund II,2025,38398134,21354817,0,23596678,23596678,1.1049815130703298,,True,CalPERS PEP,2026-08-13
"CALPERS::Project Quail Opportunities, L.P.","Project Quail Opportunities, L.P.",2022,1000000000,586326977,950806,802650939,801700133,1.3689476529066478,0.19699999999999998,False,CalPERS PEP,2026-08-13
"CALPERS::Prysm Capital Fund I, L.P.","Prysm Capital Fund I, L.P.",2023,100000000,104083531,0,127042665,127042665,1.2205837348081514,,True,CalPERS PEP,2026-08-13
"CALPERS::Prysm Capital Fund II-C, L.P.","Prysm Capital Fund II-C, L.P.",2024,200000000,162167843,679283,272866548,272187265,1.6826181008031291,,True,CalPERS PEP,2026-08-13
CALPERS::PSG Encore L.P.,PSG Encore L.P.,2022,100000000,90286712,4024480,101236635,97212155,1.1212794525068097,0.062,False,CalPERS PEP,2026-08-13
CALPERS::PSG Europe II L.P.,PSG Europe II L.P.,2023,113902138,59520159,20492979,73195081,52702102,1.2297527800622978,,True,CalPERS PEP,2026-08-13
CALPERS::PSG V L.P.,PSG V L.P.,2021,100000000,105966965,15079245,127254607,112175362,1.2008894186976102,0.08900000000000001,False,CalPERS PEP,2026-08-13
CALPERS::PSG VI L.P.,PSG VI L.P.,2025,250000000,45386436,4514585,40797392,36282807,0.8988895272587607,,True,CalPERS PEP,2026-08-13
"CALPERS::Q-Street Capital, L.P.","Q-Street Capital, L.P.",2021,900000000,359937654,0,453392577,453392577,1.259641973995863,0.096,False,CalPERS PEP,2026-08-13
CALPERS::RC CC Fund LP,RC CC Fund LP,2024,750000000,541639800,0,741797649,741797649,1.3695405119786248,,True,CalPERS PEP,2026-08-13
CALPERS::Red Admiral Fund LP,Red Admiral Fund LP,2023,1200000000,894914753,92133631,1401529089,1309395458,1.5661034576776052,,True,CalPERS PEP,2026-08-13
"CALPERS::Redwood Lane Capital, L.P.","Redwood Lane Capital, L.P.",2022,700000000,669286173,0,922577240,922577240,1.378449573916418,0.17600000000000002,False,CalPERS PEP,2026-08-13
CALPERS::Redwood Opportunities SCSp,Redwood Opportunities SCSp,2020,950000000,805465819,25137777,1269207919,1244070142,1.5757439844880619,0.174,False,CalPERS PEP,2026-08-13
CALPERS::River City Investments PCC,River City Investments PCC,2024,150000000,41147000,0,40714617,40714617,0.9894917490947092,,True,CalPERS PEP,2026-08-13
"CALPERS::Riverstone Global Energy and Power Fund V, L.P.","Riverstone Global Energy and Power Fund V, L.P.",2012,400000000,530971147,427512115,438644156,11132041,0.8261167456618881,-0.043,False,CalPERS PEP,2026-08-13
"CALPERS::Riverstone Global Energy and Power Fund VI, L.P.","Riverstone Global Energy and Power Fund VI, L.P.",2016,500000000,648070482,536200787,663417687,127216900,1.0236813825444375,0.006,False,CalPERS PEP,2026-08-13
CALPERS::Rubicon Partners SCSp,Rubicon Partners SCSp,2023,1262909207,217164676,0,349943083,349943083,1.6114180696680154,,True,CalPERS PEP,2026-08-13
"CALPERS::Sacramento Private Equity Partners, L.P.","Sacramento Private Equity Partners, L.P.",2006,537857143,527013573,1006411262,1051003141,44591879,1.9942619978783733,0.11599999999999999,False,CalPERS PEP,2026-08-13
CALPERS::SAIF Partners III L.P.,SAIF Partners III L.P.,2007,100000000,126111682,156212437,240630119,84417682,1.9080716011701437,0.067,False,CalPERS PEP,2026-08-13
CALPERS::SAIF Partners IV L.P.,SAIF Partners IV L.P.,2010,120000000,153776026,185133795,238628824,53495029,1.5517947121354274,0.053,False,CalPERS PEP,2026-08-13
"CALPERS::Samson Partners, L.P.","Samson Partners, L.P.",2020,238801883,172155918,22795314,281899167,259103853,1.6374642839754134,0.114,False,CalPERS PEP,2026-08-13
"CALPERS::Set Builders II, LP","Set Builders II, LP",2024,70000000,48722322,0,59597263,59597263,1.2232024368625125,,True,CalPERS PEP,2026-08-13
"CALPERS::Shoreline, L.P.","Shoreline, L.P.",2024,200000000,97086618,0,121837481,121837481,1.254935886220694,,True,CalPERS PEP,2026-08-13
"CALPERS::Sierra Partners, L.P.","Sierra Partners, L.P.",2020,150000000,81986760,21284053,75729807,54445754,0.9236833727787267,-0.036000000000000004,False,CalPERS PEP,2026-08-13
"CALPERS::SignalFire Early Fund IV, L.P.","SignalFire Early Fund IV, L.P.",2025,94044821,27743222,0,26404786,26404786,0.9517562884368658,,True,CalPERS PEP,2026-08-13
"CALPERS::SignalFire Eureka Fund, L.P.","SignalFire Eureka Fund, L.P.",2025,150000000,56778010,0,56731371,56731371,0.9991785728312774,,True,CalPERS PEP,2026-08-13
"CALPERS::SignalFire Sage Fund, L.P.","SignalFire Sage Fund, L.P.",2023,100000000,89899404,0,120523759,120523759,1.34065136850073,,True,CalPERS PEP,2026-08-13
"CALPERS::SignalFire Seed Fund V, L.P.","SignalFire Seed Fund V, L.P.",2024,94044821,15517395,0,14908664,14908664,0.9607710572554221,,True,CalPERS PEP,2026-08-13
"CALPERS::SignalFire XIR Venture Fund II, L.P.","SignalFire XIR Venture Fund II, L.P.",2024,51818128,17099982,0,15263907,15263907,0.8926270799583298,,True,CalPERS PEP,2026-08-13
"CALPERS::Silver Lake Partners III, L.P.","Silver Lake Partners III, L.P.",2007,480000000,612701322,1189028778,1190736212,1707434,1.9434203407839228,0.185,False,CalPERS PEP,2026-08-13
"CALPERS::Silver Lake Partners IV, L.P.","Silver Lake Partners IV, L.P.",2013,320000000,380193229,689977924,1057540978,367563054,2.7815881434332437,0.209,False,CalPERS PEP,2026-08-13
"CALPERS::Silver Lake Partners V, L.P.","Silver Lake Partners V, L.P.",2018,400000000,412836281,255511442,673951178,418439736,1.6324901880413945,0.11599999999999999,False,CalPERS PEP,2026-08-13
"CALPERS::Silver Lake Partners VI, L.P.","Silver Lake Partners VI, L.P.",2021,755236302,891806581,192723220,1152540943,959817723,1.292366492415467,0.091,False,CalPERS PEP,2026-08-13
"CALPERS::Silver Lake Partners VII, L.P.","Silver Lake Partners VII, L.P.",2024,370000000,126976922,163572,167139419,166975847,1.3162976103641888,,True,CalPERS PEP,2026-08-13
"CALPERS::Silver Lake Technology Investors IV, LP","Silver Lake Technology Investors IV, LP",2013,80000000,86918274,198606901,306617986,108011085,3.5276584760530336,0.273,False,CalPERS PEP,2026-08-13
"CALPERS::Silver Lake Technology Investors V, L.P.","Silver Lake Technology Investors V, L.P.",2018,100000000,95333077,71713815,184614147,112900332,1.9365172383977494,0.147,False,CalPERS PEP,2026-08-13
"CALPERS::Siris Partners IV, L.P.","Siris Partners IV, L.P.",2019,100000000,115527607,39526012,151209826,111683814,1.3088631360640925,0.075,False,CalPERS PEP,2026-08-13
"CALPERS::SL SPV-1, L.P.","SL SPV-1, L.P.",2017,38675166,84029782,99011503,105202200,6190697,1.2519632622633723,0.032,False,CalPERS PEP,2026-08-13
"CALPERS::SL SPV-2, L.P.","SL SPV-2, L.P.",2019,28417191,50533364,133746867,206718024,72971157,4.09072358610442,0.304,False,CalPERS PEP,2026-08-13
"CALPERS::SPRINGBLUE A, L.P.","SPRINGBLUE A, L.P.",2021,50000000,37625000,0,28516516,28516516,0.7579140465116279,-0.095,False,CalPERS PEP,2026-08-13
"CALPERS::Springblue A-V, L.P.","Springblue A-V, L.P.",2024,60000000,22800000,0,23432263,23432263,1.0277308333333333,,True,CalPERS PEP,2026-08-13
"CALPERS::SPRINGBLUE B, L.P.","SPRINGBLUE B, L.P.",2021,50000000,45750000,0,51103439,51103439,1.1170150601092896,0.035,False,CalPERS PEP,2026-08-13
"CALPERS::Springblue B-III, L.P.","Springblue B-III, L.P.",2023,40000000,10200000,0,13458820,13458820,1.3194921568627451,,True,CalPERS PEP,2026-08-13
"CALPERS::Springblue Co-Investment SPV, LP","Springblue Co-Investment SPV, LP",2023,120000000,26466050,0,53254117,53254117,2.012167172660824,,True,CalPERS PEP,2026-08-13
"CALPERS::SR One Capital Fund II-A, LP","SR One Capital Fund II-A, LP",2023,90000000,68388277,4228213,73294469,69066256,1.0717402486978873,,True,CalPERS PEP,2026-08-13
"CALPERS::SR One Capital Opportunities Fund I, LP","SR One Capital Opportunities Fund I, LP",2023,72351563,55703063,218987,61016117,60797130,1.0953817207502574,,True,CalPERS PEP,2026-08-13
"CALPERS::Strategic Partners (A), L.P.","Strategic Partners (A), L.P.",2025,300000000,26017048,0,27209114,27209114,1.0458186493717505,,True,CalPERS PEP,2026-08-13
"CALPERS::Summit Partners Growth Equity Fund X-A, L.P.","Summit Partners Growth Equity Fund X-A, L.P.",2020,250000000,248757331,103656914,373514198,269857284,1.5015203632330336,0.127,False,CalPERS PEP,2026-08-13
"CALPERS::Summit Partners Growth Equity Fund XI-A, L.P.","Summit Partners Growth Equity Fund XI-A, L.P.",2022,400000000,207721763,1629711,226547079,224917368,1.0906275574023507,0.054000000000000006,False,CalPERS PEP,2026-08-13
CALPERS::Sunrise Boulevard PE Partners L.P.,Sunrise Boulevard PE Partners L.P.,2021,500000000,373234336,1971721,552095578,550123857,1.4792196878692319,0.14300000000000002,False,CalPERS PEP,2026-08-13
"CALPERS::TA Select Opportunities Fund II-A, L.P.","TA Select Opportunities Fund II-A, L.P.",2021,50000000,49125000,0,52263367,52263367,1.0638853333333333,0.028999999999999998,False,CalPERS PEP,2026-08-13
"CALPERS::TA XIV-A, L.P.","TA XIV-A, L.P.",2021,150000000,146625000,22500000,176686913,154186913,1.2050258346121057,0.07400000000000001,False,CalPERS PEP,2026-08-13
"CALPERS::TA XV-A, L.P.","TA XV-A, L.P.",2025,300000000,72000000,0,65464656,65464656,0.9092313333333333,,True,CalPERS PEP,2026-08-13
"CALPERS::Tailwind Capital Partners II, LP","Tailwind Capital Partners II, LP",2014,150000000,166309208,240592859,242171709,1578850,1.4561533417921153,0.094,False,CalPERS PEP,2026-08-13
"CALPERS::Tailwind Capital Partners III, L.P.","Tailwind Capital Partners III, L.P.",2018,200000000,224001663,120243439,379161063,258917624,1.6926707503952771,0.174,False,CalPERS PEP,2026-08-13
"CALPERS::TCC Opportunities, L.P.","TCC Opportunities, L.P.",2021,1475000000,829803554,62238617,1196875656,1134637039,1.442360243253429,0.226,False,CalPERS PEP,2026-08-13
"CALPERS::TCP II Co-Invest B, L.P.","TCP II Co-Invest B, L.P.",2015,50000000,58367891,96898326,97193820,295494,1.6651932823819178,0.10300000000000001,False,CalPERS PEP,2026-08-13
"CALPERS::TCV X, L.P.","TCV X, L.P.",2019,156592057,131366092,91818225,376435153,284616928,2.8655427536049407,0.23,False,CalPERS PEP,2026-08-13
"CALPERS::TCV XI, L.P.","TCV XI, L.P.",2021,261229279,257507701,18031534,290601264,272569730,1.128514847794785,0.042,False,CalPERS PEP,2026-08-13
"CALPERS::The Rise Fund (A), L.P.","The Rise Fund (A), L.P.",2018,75000000,83779428,52035005,120757814,68722809,1.4413778762013032,0.092,False,CalPERS PEP,2026-08-13
"CALPERS::The Rise Fund III, L.P.","The Rise Fund III, L.P.",2023,100000000,70810138,1909238,92781390,90872152,1.3102839878662573,,True,CalPERS PEP,2026-08-13
"CALPERS::The Veritas Capital Fund IX, L.P.","The Veritas Capital Fund IX, L.P.",2024,400000000,9032886,9055,1691678,1682623,0.18727990146227905,,True,CalPERS PEP,2026-08-13
"CALPERS::The Veritas Capital Fund VIII, L.P.","The Veritas Capital Fund VIII, L.P.",2022,625000000,527205941,168666,661310315,661141649,1.254368100908787,0.115,False,CalPERS PEP,2026-08-13
"CALPERS::Thoma Bravo Europe Fund, L.P.","Thoma Bravo Europe Fund, L.P.",2025,114365500,36774777,0,46415128,46415128,1.2621457364649689,,True,CalPERS PEP,2026-08-13
"CALPERS::Thoma Bravo Fund XIV, L.P.","Thoma Bravo Fund XIV, L.P.",2021,600000000,649108610,222539695,807906003,585366308,1.2446391721718189,0.064,False,CalPERS PEP,2026-08-13
"CALPERS::Thoma Bravo Fund XV, L.P.","Thoma Bravo Fund XV, L.P.",2022,348293279,501417164,245692431,651148285,405455854,1.2986158666878025,0.12,False,CalPERS PEP,2026-08-13
"CALPERS::Three Pillars Flex Opportunities Fund, LP","Three Pillars Flex Opportunities Fund, LP",2023,1000000000,81396285,12422259,205485420,193063161,2.52450612457313,,True,CalPERS PEP,2026-08-13
"CALPERS::Three Pillars Secondaries Fund, LP","Three Pillars Secondaries Fund, LP",2024,1500000000,421950600,72385621,613844891,541459270,1.4547790452247253,,True,CalPERS PEP,2026-08-13
"CALPERS::Thrive Capital Partners IX Growth, L.P.","Thrive Capital Partners IX Growth, L.P.",2024,365742209,196013764,0,293917965,293917965,1.4994761541337476,,True,CalPERS PEP,2026-08-13
"CALPERS::Thrive Capital Partners IX, L.P.","Thrive Capital Partners IX, L.P.",2025,104497791,36938809,0,35472024,35472024,0.9602914918020232,,True,CalPERS PEP,2026-08-13
"CALPERS::Thrive Capital Partners Opportunity Fund, L.P.","Thrive Capital Partners Opportunity Fund, L.P.",2024,179000000,125333963,0,215566028,215566028,1.719933071931987,,True,CalPERS PEP,2026-08-13
"CALPERS::Thrive Capital Partners VIII Growth, L.P.","Thrive Capital Partners VIII Growth, L.P.",2023,300000000,296645794,47917176,590820661,542903485,1.99167044653935,,True,CalPERS PEP,2026-08-13
"CALPERS::Tiger Global Private Investment Partners XV, L.P.","Tiger Global Private Investment Partners XV, L.P.",2022,300000000,292500000,0,239645960,239645960,0.8193024273504274,-0.059000000000000004,False,CalPERS PEP,2026-08-13
"CALPERS::Timber Coast Private Opportunities, L.P.","Timber Coast Private Opportunities, L.P.",2023,300000000,70228202,0,85980789,85980789,1.2243057141061364,,True,CalPERS PEP,2026-08-13
"CALPERS::Top Castle Sidecar VII, L.P.","Top Castle Sidecar VII, L.P.",2020,500000000,148214448,55175958,257089870,201913912,1.7345803561606896,0.242,False,CalPERS PEP,2026-08-13
"CALPERS::TowerBrook Investors IV (Onshore), L.P.","TowerBrook Investors IV (Onshore), L.P.",2013,380000000,318788261,452175760,654064487,201888727,2.0517207407458455,0.16899999999999998,False,CalPERS PEP,2026-08-13
CALPERS::Towerbrook Investors V (Onshore) LP,Towerbrook Investors V (Onshore) LP,2019,400000000,442413700,90515236,704295094,613779858,1.5919378039152043,0.14800000000000002,False,CalPERS PEP,2026-08-13
"CALPERS::Towerbrook Investors VI (Onshore), L.P.","Towerbrook Investors VI (Onshore), L.P.",2024,100000000,52648252,90072,60842234,60752162,1.1556363542706034,,True,CalPERS PEP,2026-08-13
"CALPERS::Towerbrook Structured Opportunities Fund (Onshore), L.P.","Towerbrook Structured Opportunities Fund (Onshore), L.P.",2016,221786667,307764119,256273719,384867323,128593604,1.2505269433309085,0.067,False,CalPERS PEP,2026-08-13
CALPERS::Towerbrook Structured Opportunities Fund II (Onshore) LP,Towerbrook Structured Opportunities Fund II (Onshore) LP,2019,250000000,244182316,167104103,343096921,175992818,1.4050850471907228,0.141,False,CalPERS PEP,2026-08-13
"CALPERS::TPG Asia V, L.P.","TPG Asia V, L.P.",2007,360000000,350599460,488924451,502214190,13289739,1.4324442770105807,0.063,False,CalPERS PEP,2026-08-13
"CALPERS::TPG Asia VIII (A), L.P.","TPG Asia VIII (A), L.P.",2024,250000000,108014193,9412192,133742143,124329951,1.2381904570633602,,True,CalPERS PEP,2026-08-13
"CALPERS::TPG Biotechnology Partners III, L.P.","TPG Biotechnology Partners III, L.P.",2008,100000000,100076482,212285844,217799214,5513370,2.176327641093539,0.11,False,CalPERS PEP,2026-08-13
"CALPERS::TPG Golden Bear Partners, L.P.","TPG Golden Bear Partners, L.P.",2019,500000000,489403401,232429854,870222042,637792188,1.778128309329015,0.153,False,CalPERS PEP,2026-08-13
"CALPERS::TPG GP Solutions (A), L.P.","TPG GP Solutions (A), L.P.",2024,100000000,39211977,0,45164689,45164689,1.1518085150361075,,True,CalPERS PEP,2026-08-13
"CALPERS::TPG Growth IV, L.P.","TPG Growth IV, L.P.",2018,75000000,84851643,83940120,142999294,59059174,1.6852860939887753,0.141,False,CalPERS PEP,2026-08-13
"CALPERS::TPG Growth V, L.P.","TPG Growth V, L.P.",2021,200000000,205619330,80983668,294172493,213188825,1.4306655556167798,0.128,False,CalPERS PEP,2026-08-13
"CALPERS::TPG Growth VI, L.P.","TPG Growth VI, L.P.",2024,200000000,49722830,1609267,56572783,54963516,1.1377627339393193,,True,CalPERS PEP,2026-08-13
"CALPERS::TPG Healthcare Partners, L.P.","TPG Healthcare Partners, L.P.",2019,100000000,99335227,27862432,134184931,106322499,1.350829258184511,0.109,False,CalPERS PEP,2026-08-13
"CALPERS::TPG Life Sciences Innovations, L.P.","TPG Life Sciences Innovations, L.P.",2024,75000000,28902669,0,23855243,23855243,0.8253647093975992,,True,CalPERS PEP,2026-08-13
"CALPERS::TPG NEXT (A), L.P.","TPG NEXT (A), L.P.",2025,500000000,22217004,2255097,4730102,2475005,0.21290458425447464,,True,CalPERS PEP,2026-08-13
"CALPERS::TPG Partners IV, L.P.","TPG Partners IV, L.P.",2003,200000000,225811661,428892245,429345645,453400,1.901343992151052,0.153,False,CalPERS PEP,2026-08-13
"CALPERS::TPG PARTNERS IX, L.P.","TPG PARTNERS IX, L.P.",2023,300000000,233342803,25679336,291999009,266319673,1.2513735381845053,,True,CalPERS PEP,2026-08-13
"CALPERS::TPG Partners V, L.P.","TPG Partners V, L.P.",2006,600000000,811329685,1007256750,1007256750,0,1.2414888406307973,0.037000000000000005,False,CalPERS PEP,2026-08-13
"CALPERS::TPG Partners VIII, L.P.","TPG Partners VIII, L.P.",2019,150000000,389314789,353788063,530085954,176297891,1.3615869958641618,0.18899999999999997,False,CalPERS PEP,2026-08-13
"CALPERS::TPG STAR, L.P.","TPG STAR, L.P.",2007,150000000,171879025,219538523,219842878,304355,1.2790558824731522,0.062,False,CalPERS PEP,2026-08-13
"CALPERS::TPG Tech Adjacencies II, L.P.","TPG Tech Adjacencies II, L.P.",2023,200000000,133594523,32554549,172341389,139786840,1.290033342160292,,True,CalPERS PEP,2026-08-13
"CALPERS::Triangle Investment Opportunities II, L.P.","Triangle Investment Opportunities II, L.P.",2024,1000000000,227586051,0,474268710,474268710,2.083909395659754,,True,CalPERS PEP,2026-08-13
"CALPERS::Triangle Investment Opportunities, L.P.","Triangle Investment Opportunities, L.P.",2023,1000000000,971207347,70477425,2311437794,2240960369,2.3799632500102987,,True,CalPERS PEP,2026-08-13
"CALPERS::Trident IX, L.P.","Trident IX, L.P.",2022,500000000,445151402,55347166,592537512,537190346,1.3310920943701756,0.174,False,CalPERS PEP,2026-08-13
CALPERS::Trident VI,Trident VI,2014,250000000,271060455,649392920,750533482,101140562,2.768878558844004,0.22,False,CalPERS PEP,2026-08-13
"CALPERS::Trident VII, L.P.","Trident VII, L.P.",2017,270000000,323736801,311352650,750946444,439593794,2.3196202646111894,0.187,False,CalPERS PEP,2026-08-13
"CALPERS::Trident VIII, L.P.","Trident VIII, L.P.",2020,400000000,398514305,139866978,624251422,484384444,1.5664467101124513,0.11900000000000001,False,CalPERS PEP,2026-08-13
CALPERS::Triton Fund 6 SCSp,Triton Fund 6 SCSp,2025,176145891,24689915,12412830,34917354,22504524,1.414235488457534,,True,CalPERS PEP,2026-08-13
CALPERS::Triton Fund IV L.P.,Triton Fund IV L.P.,2013,90794697,108403645,114207283,188642562,74435279,1.7401865223258868,0.12,False,CalPERS PEP,2026-08-13
"CALPERS::Triton Fund V, LP","Triton Fund V, LP",2019,282574680,273484225,169707459,481114420,311406961,1.7592035518684852,0.18100000000000002,False,CalPERS PEP,2026-08-13
CALPERS::Valor Atreides AI I L.P.,Valor Atreides AI I L.P.,2025,100000000,20000000,0,23725997,23725997,1.18629985,,True,CalPERS PEP,2026-08-13
CALPERS::Valor Equity Partners IV L.P.,Valor Equity Partners IV L.P.,2017,75000000,74484349,16149150,252282117,236132967,3.3870486939477713,0.20600000000000002,False,CalPERS PEP,2026-08-13
CALPERS::Valor Equity Partners VI L.P.,Valor Equity Partners VI L.P.,2023,300000000,248676884,64595,377210533,377145938,1.5168701124628858,,True,CalPERS PEP,2026-08-13
CALPERS::Verdane Edda III (D1) AB,Verdane Edda III (D1) AB,2024,114529251,40058287,0,51176352,51176352,1.2775471901731594,,True,CalPERS PEP,2026-08-13
"CALPERS::Vicente Capital Partners Growth Equity Fund, L.P.","Vicente Capital Partners Growth Equity Fund, L.P.",2007,40422297,40801085,56560761,56951627,390866,1.3958360911235572,0.057,False,CalPERS PEP,2026-08-13
CALPERS::VIP IV LP,VIP IV LP,2020,304362967,286347864,20322877,394769810,374446933,1.3786371739794085,0.11,False,CalPERS PEP,2026-08-13
CALPERS::VIP V S.C.Sp.,VIP V S.C.Sp.,2023,347252317,123050887,1890592,119905088,118014496,0.974434975019725,,True,CalPERS PEP,2026-08-13
"CALPERS::Vista Equity Partners Fund VII-Z, L.P.","Vista Equity Partners Fund VII-Z, L.P.",2019,400000000,409968335,43064018,500339951,457275933,1.2204356002275152,0.048,False,CalPERS PEP,2026-08-13
"CALPERS::WCAS XIII, L.P.","WCAS XIII, L.P.",2019,400000000,399241237,261873162,680319337,418446175,1.704030731174195,0.159,False,CalPERS PEP,2026-08-13
"CALPERS::WCAS XIV, L.P.","WCAS XIV, L.P.",2022,400000000,212500653,8447985,229939739,221491754,1.0820660348747257,0.053,False,CalPERS PEP,2026-08-13
"CALPERS::Welsh, Carson, Anderson & Stowe XI, L.P.","Welsh, Carson, Anderson & Stowe XI, L.P.",2009,125000000,125000000,207650933,207887662,236729,1.663101296,0.115,False,CalPERS PEP,2026-08-13
"CALPERS::Welsh, Carson, Anderson & Stowe XII, L.P.","Welsh, Carson, Anderson & Stowe XII, L.P.",2015,350000000,350162050,723731408,892708154,168976746,2.5494143468716843,0.253,False,CalPERS PEP,2026-08-13
CALPERS::Whitney Global Partners II L.P.,Whitney Global Partners II L.P.,2024,575546643,142216222,0,170793918,170793918,1.2009454026981534,,True,CalPERS PEP,2026-08-13
CALPERS::Whitney Global Partners L.P.,Whitney Global Partners L.P.,2021,809745009,757661907,34240305,909365711,875125406,1.2002262521032352,0.07,False,CalPERS PEP,2026-08-13
CALPERS::Wigeavenmore Co-Investment LP,Wigeavenmore Co-Investment LP,2024,296268896,191256812,0,261654555,261654555,1.3680796634840906,,True,CalPERS PEP,2026-08-13
CALPERS::Wigmore Street (BDC III) LP,Wigmore Street (BDC III) LP,2017,32834747,30733886,68253967,104816090,36562123,3.4104405150718655,0.348,False,CalPERS PEP,2026-08-13
CALPERS::Wigmore Street BDC IV Co-Investment No.1 LP,Wigmore Street BDC IV Co-Investment No.1 LP,2021,50294305,50294305,0,57923094,57923094,1.1516829589354103,0.068,False,CalPERS PEP,2026-08-13
CALPERS::Wigmore Street Co-investment No. 1 LP,Wigmore Street Co-investment No. 1 LP,2016,99875668,96429806,159363280,200524517,41161237,2.0794868860360456,0.209,False,CalPERS PEP,2026-08-13
CALPERS::Wigmore Street VI Co-Investment No. 1 LP,Wigmore Street VI Co-Investment No. 1 LP,2019,99112246,96673167,55742950,198517516,142774566,2.0534913891876534,0.16899999999999998,False,CalPERS PEP,2026-08-13
"CALPERS::Yucaipa American Alliance Fund II, L.P.","Yucaipa American Alliance Fund II, L.P.",2008,400000000,560638831,617055737,977064251,360008514,1.7427694925398416,0.077,False,CalPERS PEP,2026-08-13
"CALPERS::Yucaipa Corporate Initiatives Fund I, L.P.","Yucaipa Corporate Initiatives Fund I, L.P.",2001,200000000,288812581,224109059,225639304,1530245,0.7812654948019733,-0.037000000000000005,False,CalPERS PEP,2026-08-13
"CALPERS::Yucaipa Corporate Initiatives Fund II, L.P.","Yucaipa Corporate Initiatives Fund II, L.P.",2008,93539524,91400621,81687571,82789584,1102013,0.9057879814624017,-0.013000000000000001,False,CalPERS PEP,2026-08-13
