source,fund_name,stem,removed_tail,stranded_number,failure
CalPERS,"57 Stars Global Opportunities Fund 2 (CalPERS), LLC",57 STARS GLOBAL OPPORTUNITIES FUND 2 (CALPERS),LLC,2,STRANDED
CalPERS,Advent Global Technology II Limited Partnership,ADVENT GLOBAL TECHNOLOGY II LIMITED PARTNERSHIP,,II,STRANDED
CalPERS,"Advent International GPE V-D, L.P.",ADVENT INTERNATIONAL GPE V-D,LP,V-D,STRANDED
CalPERS,"Advent International GPE VI-A, L.P.",ADVENT INTERNATIONAL GPE VI-A,LP,VI-A,STRANDED
CalPERS,"Advent International GPE VII-C, L.P.",ADVENT INTERNATIONAL GPE VII-C,LP,VII-C,STRANDED
CalPERS,Advent International GPE VIII-B Limited Partnership,ADVENT INTERNATIONAL GPE VIII-B LIMITED PARTNERSHIP,,VIII-B,STRANDED
CalPERS,Advent International GPE IX Limited Partnership,ADVENT INTERNATIONAL GPE IX LIMITED PARTNERSHIP,,IX,STRANDED
CalPERS,Advent International GPE X Limited Partnership,ADVENT INTERNATIONAL GPE X LIMITED PARTNERSHIP,,X,STRANDED
CalPERS,ASF VIII B L.P.,ASF VIII B,LP,VIII,STRANDED
CalPERS,"Bain Capital Europe Fund VI, SCSp",BAIN CAPITAL EUROPE FUND VI SCSP,,VI,STRANDED
CalPERS,"Balderton Capital Growth II, S.L.P.",BALDERTON CAPITAL GROWTH II SLP,,II,STRANDED
CalPERS,"Balderton Capital IX, S.L.P.",BALDERTON CAPITAL IX SLP,,IX,STRANDED
CalPERS,Baring Vostok Private Equity Fund IV L.P. / Supplemental,BARING VOSTOK PRIVATE EQUITY FUND IV LP / SUPPLEMENTAL,,IV,STRANDED
CalPERS,BDC III C LP,BDC III,C LP,III,CONSUMED+STRANDED
CalPERS,BDC IV D LP,BDC IV D,LP,IV,STRANDED
CalPERS,BDC V C LP,BDC V,C LP,V,CONSUMED+STRANDED
CalPERS,BE VI 'H' L.P.,BE VI 'H',LP,VI,STRANDED
CalPERS,Bessemer Venture Partners XII Institutional L.P.,BESSEMER VENTURE PARTNERS XII INSTITUTIONAL,LP,XII,STRANDED
CalPERS,Biogeneration Capital Fund V Cooperatief U.A.,BIOGENERATION CAPITAL FUND V COOPERATIEF UA,,V,STRANDED
CalPERS,Blackstone Tactical Opportunities Fund II - C L.P.,BLACKSTONE TACTICAL OPPORTUNITIES FUND II -,C LP,II,CONSUMED+STRANDED
CalPERS,Blackstone Tactical Opportunities Fund III-C (Surge) L.P.,BLACKSTONE TACTICAL OPPORTUNITIES FUND III-C (SURGE),LP,III-C,STRANDED
CalPERS,Bridgepoint Europe III 'D' LP,BRIDGEPOINT EUROPE III 'D',LP,III,STRANDED
CalPERS,Bridgepoint Europe IV 'D' LP,BRIDGEPOINT EUROPE IV 'D',LP,IV,STRANDED
CalPERS,Bridgepoint Europe VII D LP,BRIDGEPOINT EUROPE VII D,LP,VII,STRANDED
CalPERS,Canaan XIII Healthcare Fund L.P.,CANAAN XIII HEALTHCARE FUND,LP,XIII,STRANDED
CalPERS,CapVest Equity Partners V SCSp,CAPVEST EQUITY PARTNERS V SCSP,,V,STRANDED
CalPERS,"Carlyle Europe Partners V, S.C.Sp.",CARLYLE EUROPE PARTNERS V SCSP,,V,STRANDED
CalPERS,"Cerberus CAL II Partners, L.P.",CERBERUS CAL II PARTNERS,LP,II,STRANDED
CalPERS,"Cerberus CAL III Partners, L.P.",CERBERUS CAL III PARTNERS,LP,III,STRANDED
CalPERS,"Cerberus CAL IV Partners, L.P.",CERBERUS CAL IV PARTNERS,LP,IV,STRANDED
CalPERS,CVC European Equity Partners IV (D) L.P.,CVC EUROPEAN EQUITY PARTNERS IV (D),LP,IV,STRANDED
CalPERS,CVC European Equity Partners V (B) L.P.,CVC EUROPEAN EQUITY PARTNERS V (B),LP,V,STRANDED
CalPERS,CVC Capital Partners VII (A) L.P.,CVC CAPITAL PARTNERS VII (A),LP,VII,STRANDED
CalPERS,CVC Capital Partners VIII (A) L.P.,CVC CAPITAL PARTNERS VIII (A),LP,VIII,STRANDED
CalPERS,CVC Capital Partners IX (A) L.P.,CVC CAPITAL PARTNERS IX (A),LP,IX,STRANDED
CalPERS,CVC Capital Partners Asia VI (A) L.P.,CVC CAPITAL PARTNERS ASIA VI (A),LP,VI,STRANDED
CalPERS,"Ember Infrastructure Fund II-B, LP",EMBER INFRASTRUCTURE FUND II-B,LP,II-B,STRANDED
CalPERS,EQT IX (No.2) USD SCSp,EQT IX (NO2) USD SCSP,,IX,STRANDED
CalPERS,EQT X (No.2) USD SCSp,EQT X (NO2) USD SCSP,,X,STRANDED
CalPERS,Forbion BioEconomy Fund I Cooperatief U.A.,FORBION BIOECONOMY FUND I COOPERATIEF UA,,I,STRANDED
CalPERS,Forbion Growth Opportunities Fund II Cooperatief U.A.,FORBION GROWTH OPPORTUNITIES FUND II COOPERATIEF UA,,II,STRANDED
CalPERS,Forbion Growth Opportunities Fund III Cooperatief U.A.,FORBION GROWTH OPPORTUNITIES FUND III COOPERATIEF UA,,III,STRANDED
CalPERS,Forbion Ventures Fund VI Cooperatief U.A.,FORBION VENTURES FUND VI COOPERATIEF UA,,VI,STRANDED
CalPERS,Forbion Ventures Fund VII Cooperatief U.A.,FORBION VENTURES FUND VII COOPERATIEF UA,,VII,STRANDED
CalPERS,ForCal I Investment Fund C.V.,FORCAL I INVESTMENT FUND,CV,I,STRANDED
CalPERS,"GA Continuity II (GT) Fund, L.P.",GA CONTINUITY II (GT) FUND,LP,II,STRANDED
CalPERS,"General Catalyst Group XII - Creation, L.P.",GENERAL CATALYST GROUP XII - CREATION,LP,XII,STRANDED
CalPERS,"General Catalyst Group XII - Endurance, L.P.",GENERAL CATALYST GROUP XII - ENDURANCE,LP,XII,STRANDED
CalPERS,"General Catalyst Group XII - Ignition, L.P.",GENERAL CATALYST GROUP XII - IGNITION,LP,XII,STRANDED
CalPERS,"General Catalyst Group XI - Health Assurance, L.P.",GENERAL CATALYST GROUP XI - HEALTH ASSURANCE,LP,XI,STRANDED
CalPERS,"General Catalyst Group XII - Health Assurance, L.P.",GENERAL CATALYST GROUP XII - HEALTH ASSURANCE,LP,XII,STRANDED
CalPERS,"Generation IM Sustainable Private Equity Fund II (A), ILP",GENERATION IM SUSTAINABLE PRIVATE EQUITY FUND II (A) ILP,,II,STRANDED
CalPERS,"Genstar X Opportunities Fund I, L.P.",GENSTAR X OPPORTUNITIES FUND,I LP,X,CONSUMED+STRANDED
CalPERS,"Genstar XI Opportunities Fund I, L.P.",GENSTAR XI OPPORTUNITIES FUND,I LP,XI,CONSUMED+STRANDED
CalPERS,"Grain Communications Opportunity Fund IV-A, L.P.",GRAIN COMMUNICATIONS OPPORTUNITY FUND IV-A,LP,IV-A,STRANDED
CalPERS,Hg Genesis 10 A L.P.,HG GENESIS 10 A,LP,10,STRANDED
CalPERS,Hg Mercury 4 A L.P.,HG MERCURY 4 A,LP,4,STRANDED
CalPERS,Hg Saturn 3 A L.P.,HG SATURN 3 A,LP,3,STRANDED
CalPERS,"Insight Partners XII Buyout Annex Fund, L.P.",INSIGHT PARTNERS XII BUYOUT ANNEX FUND,LP,XII,STRANDED
CalPERS,"Insight Partners XIII Growth Buyout Fund, L.P.",INSIGHT PARTNERS XIII GROWTH BUYOUT FUND,LP,XIII,STRANDED
CalPERS,KKR Asian Fund IV SCSp,KKR ASIAN FUND IV SCSP,,IV,STRANDED
CalPERS,KKR European Fund V (USD) SCSp,KKR EUROPEAN FUND V (USD) SCSP,,V,STRANDED
CalPERS,KKR North America Fund XIII SCSp,KKR NORTH AMERICA FUND XIII SCSP,,XIII,STRANDED
CalPERS,"Lightspeed Venture Partners XIV-B (Ignite), L.P.",LIGHTSPEED VENTURE PARTNERS XIV-B (IGNITE),LP,XIV-B,STRANDED
CalPERS,"Lightspeed Venture Partners XV-B (Ignite), L.P.",LIGHTSPEED VENTURE PARTNERS XV-B (IGNITE),LP,XV-B,STRANDED
CalPERS,"Lightspeed Venture Partners XIV-A (Inception), L.P.",LIGHTSPEED VENTURE PARTNERS XIV-A (INCEPTION),LP,XIV-A,STRANDED
CalPERS,"Lightspeed Venture Partners XV-A (Inception), L.P.",LIGHTSPEED VENTURE PARTNERS XV-A (INCEPTION),LP,XV-A,STRANDED
CalPERS,"Mayfield Select III, a Delaware Limited Partnership",MAYFIELD SELECT III A DELAWARE LIMITED PARTNERSHIP,,III,STRANDED
CalPERS,"Mayfield XVII, a Delaware Limited Partnership",MAYFIELD XVII A DELAWARE LIMITED PARTNERSHIP,,XVII,STRANDED
CalPERS,Onex Partners V-B LP,ONEX PARTNERS V-B,LP,V-B,STRANDED
CalPERS,"Otro Capital Fund I-A, LP",OTRO CAPITAL FUND I-A,LP,I-A,STRANDED
CalPERS,Pantheon Global Secondary Fund VII Feeder (US) LP,PANTHEON GLOBAL SECONDARY FUND VII FEEDER (US),LP,VII,STRANDED
CalPERS,Permira IV L.P.2,PERMIRA IV LP2,,IV,STRANDED
CalPERS,Permira VI L.P. 1,PERMIRA VI LP,1,VI,STRANDED
CalPERS,Permira VII L.P.1,PERMIRA VII LP1,,VII,STRANDED
CalPERS,Permira VIII-2 SCSp,PERMIRA VIII-2 SCSP,,VIII-2,STRANDED
CalPERS,Permira Growth Opportunities I L.P. 1,PERMIRA GROWTH OPPORTUNITIES I LP,1,I,STRANDED
CalPERS,Permira Growth Opportunities II SCSP,PERMIRA GROWTH OPPORTUNITIES II SCSP,,II,STRANDED
CalPERS,"Prysm Capital Fund II-C, L.P.",PRYSM CAPITAL FUND II-C,LP,II-C,STRANDED
CalPERS,"SR One Capital Fund II-A, LP",SR ONE CAPITAL FUND II-A,LP,II-A,STRANDED
CalPERS,"Summit Partners Growth Equity Fund X-A, L.P.",SUMMIT PARTNERS GROWTH EQUITY FUND X-A,LP,X-A,STRANDED
CalPERS,"Summit Partners Growth Equity Fund XI-A, L.P.",SUMMIT PARTNERS GROWTH EQUITY FUND XI-A,LP,XI-A,STRANDED
CalPERS,"TA XIV-A, L.P.",TA XIV-A,LP,XIV-A,STRANDED
CalPERS,"TA XV-A, L.P.",TA XV-A,LP,XV-A,STRANDED
CalPERS,"TA Select Opportunities Fund II-A, L.P.",TA SELECT OPPORTUNITIES FUND II-A,LP,II-A,STRANDED
CalPERS,"TCP II Co-Invest B, L.P.",TCP II CO-INVEST B,LP,II,STRANDED
CalPERS,"Thrive Capital Partners IX Growth, L.P.",THRIVE CAPITAL PARTNERS IX GROWTH,LP,IX,STRANDED
CalPERS,"Thrive Capital Partners VIII Growth, L.P.",THRIVE CAPITAL PARTNERS VIII GROWTH,LP,VIII,STRANDED
CalPERS,"TowerBrook Investors IV (Onshore), L.P.",TOWERBROOK INVESTORS IV (ONSHORE),LP,IV,STRANDED
CalPERS,Towerbrook Investors V (Onshore) LP,TOWERBROOK INVESTORS V (ONSHORE),LP,V,STRANDED
CalPERS,"Towerbrook Investors VI (Onshore), L.P.",TOWERBROOK INVESTORS VI (ONSHORE),LP,VI,STRANDED
CalPERS,Towerbrook Structured Opportunities Fund II (Onshore) LP,TOWERBROOK STRUCTURED OPPORTUNITIES FUND II (ONSHORE),LP,II,STRANDED
CalPERS,"TPG Asia VIII (A), L.P.",TPG ASIA VIII (A),LP,VIII,STRANDED
CalPERS,Triton Fund 6 SCSp,TRITON FUND 6 SCSP,,6,STRANDED
CalPERS,Verdane Edda III (D1) AB,VERDANE EDDA III (D1) AB,,III,STRANDED
CalPERS,VIP V S.C.Sp.,VIP V SCSP,,V,STRANDED
CalPERS,"Vista Equity Partners Fund VII-Z, L.P.",VISTA EQUITY PARTNERS FUND VII-Z,LP,VII-Z,STRANDED
CalPERS,Wigmore Street BDC IV Co-Investment No.1 LP,WIGMORE STREET BDC IV CO-INVESTMENT NO1,LP,IV,STRANDED
CalPERS,Wigmore Street VI Co-Investment No. 1 LP,WIGMORE STREET VI CO-INVESTMENT NO,1 LP,VI,STRANDED
Oregon,Advent International GPE VI A,ADVENT INTERNATIONAL GPE VI A,,VI,STRANDED
Oregon,Advent International GPE VII C,ADVENT INTERNATIONAL GPE VII,C,VII,CONSUMED+STRANDED
Oregon,Advent Latin American Private Equity Fund VI C,ADVENT LATIN AMERICAN PRIVATE EQUITY FUND VI,C,VI,CONSUMED+STRANDED
Oregon,AEP IV OPERS Co-Investments,AEP IV OPERS CO-INVESTMENTS,,IV,STRANDED
Oregon,Apax VIII USD,APAX VIII USD,,VIII,STRANDED
Oregon,Bridgepoint Europe VI (Sidecar),BRIDGEPOINT EUROPE VI (SIDECAR),,VI,STRANDED
Oregon,Centerbridge Special Credit Partners III - Flex,CENTERBRIDGE SPECIAL CREDIT PARTNERS III - FLEX,,III,STRANDED
Oregon,Genstar IX Opportunities Fund I,GENSTAR IX OPPORTUNITIES FUND,I,IX,CONSUMED+STRANDED
Oregon,Genstar VIII Opportunities Fund,GENSTAR VIII OPPORTUNITIES,FUND,VIII,STRANDED
Oregon,GGV Capital VI Plus,GGV CAPITAL VI PLUS,,VI,STRANDED
Oregon,GGV Capital VII Plus,GGV CAPITAL VII PLUS,,VII,STRANDED
Oregon,GGV Capital VIII Plus,GGV CAPITAL VIII PLUS,,VIII,STRANDED
Oregon,GTCR Fund XII-AB,GTCR FUND XII-AB,,XII-AB,STRANDED
Oregon,GTCR Fund XIII-AB,GTCR FUND XIII-AB,,XIII-AB,STRANDED
Oregon,Harbourvest International PEP III - Partnership,HARBOURVEST INTERNATIONAL PEP III - PARTNERSHIP,,III,STRANDED
Oregon,HarbourVest Partners IV - Investment Program,HARBOURVEST PARTNERS IV - INVESTMENT PROGRAM,,IV,STRANDED
Oregon,HarbourVest Partners V - Investment Program,HARBOURVEST PARTNERS V - INVESTMENT PROGRAM,,V,STRANDED
Oregon,HarbourVest Partners VI - Partnership Fund,HARBOURVEST PARTNERS VI - PARTNERSHIP,FUND,VI,STRANDED
Oregon,KKR E2 Investors (Euro 2 Annex Fund),KKR E2 INVESTORS (EURO 2 ANNEX FUND),,2,STRANDED
Oregon,Oaktree European Principal Fund III (US),OAKTREE EUROPEAN PRINCIPAL FUND III (US),,III,STRANDED
Oregon,Oregon Investment Fund (Series 1-A),OREGON INVESTMENT FUND (SERIES 1-A),,1-A),STRANDED
Oregon,Pathway Private Equity Fund III-B,PATHWAY PRIVATE EQUITY FUND III-B,,III-B,STRANDED
Oregon,Pathway Private Equity Fund III-Co,PATHWAY PRIVATE EQUITY FUND III-CO,,III-CO,STRANDED
Oregon,TCW Special Credits Fund V - The Principal Fund,TCW SPECIAL CREDITS FUND V - THE PRINCIPAL,FUND,V,STRANDED
Oregon,"The Baring Asia Private Equity Fund VI, L.P. 1",THE BARING ASIA PRIVATE EQUITY FUND VI LP,1,VI,STRANDED
Oregon,Genstar VIII Opportunities Fund I,GENSTAR VIII OPPORTUNITIES FUND,I,VIII,CONSUMED+STRANDED
Oregon,Genstar X Opportunities Fund I,GENSTAR X OPPORTUNITIES FUND,I,X,CONSUMED+STRANDED
Oregon,TA XIV-A,TA XIV-A,,XIV-A,STRANDED
Oregon,AEP IV OPERS Co‐Investments,AEP IV OPERS CO‐INVESTMENTS,,IV,STRANDED
Oregon,Centerbridge Special Credit Partners III ‐ Flex,CENTERBRIDGE SPECIAL CREDIT PARTNERS III ‐ FLEX,,III,STRANDED
Oregon,Harbourvest International PEP III ‐ Partnership,HARBOURVEST INTERNATIONAL PEP III ‐ PARTNERSHIP,,III,STRANDED
Oregon,HarbourVest Partners IV ‐ Investment Program,HARBOURVEST PARTNERS IV ‐ INVESTMENT PROGRAM,,IV,STRANDED
Oregon,HarbourVest Partners V ‐ Investment Program,HARBOURVEST PARTNERS V ‐ INVESTMENT PROGRAM,,V,STRANDED
Oregon,HarbourVest Partners VI ‐ Partnership Fund,HARBOURVEST PARTNERS VI ‐ PARTNERSHIP,FUND,VI,STRANDED
Oregon,TCW Special Credits Fund V ‐ The Principal Fund,TCW SPECIAL CREDITS FUND V ‐ THE PRINCIPAL,FUND,V,STRANDED
Oregon,CVC Capital Partners Asia VI (A),CVC CAPITAL PARTNERS ASIA VI (A),,VI,STRANDED
Oregon,Genstar XI Opportunities Fund,GENSTAR XI OPPORTUNITIES,FUND,XI,STRANDED
Oregon,GGV Capital IX Plus,GGV CAPITAL IX PLUS,,IX,STRANDED
Oregon,GGV Discovery IV Asia,GGV DISCOVERY IV ASIA,,IV,STRANDED
Oregon,GGV Discovery IV US,GGV DISCOVERY IV US,,IV,STRANDED
Oregon,Pathway Private Equity Fund III-Co Series A,PATHWAY PRIVATE EQUITY FUND III-CO SERIES A,,III-CO,STRANDED
Oregon,Pathway Private Equity Fund III-Co Series B,PATHWAY PRIVATE EQUITY FUND III-CO SERIES B,,III-CO,STRANDED
Oregon,Pathway Private Equity Fund III-Co Series C,PATHWAY PRIVATE EQUITY FUND III-CO SERIES,C,III-CO,CONSUMED+STRANDED
Oregon,Pathway Private Equity Fund III-Co Series D,PATHWAY PRIVATE EQUITY FUND III-CO SERIES D,,III-CO,STRANDED
Oregon,Pathway Private Equity Fund III-Co Series E,PATHWAY PRIVATE EQUITY FUND III-CO SERIES E,,III-CO,STRANDED
Oregon,Pathway Private Equity Fund III-Co Series F,PATHWAY PRIVATE EQUITY FUND III-CO SERIES F,,III-CO,STRANDED
Oregon,AEP IV OPERF Co-Investments,AEP IV OPERF CO-INVESTMENTS,,IV,STRANDED
Oregon,Advent International GPE XI SCSp,ADVENT INTERNATIONAL GPE XI SCSP,,XI,STRANDED
Oregon,Pathway Private Equity Fund III-Co Series G,PATHWAY PRIVATE EQUITY FUND III-CO SERIES G,,III-CO,STRANDED
