fund_name_cal,fund_name_ore,stem,fund_number,vintage_cal,vintage_ore,tvpi_reported_cal,tvpi_reported_ore,log_diff,nav_cal,nav_ore
"Apollo Investment Fund VI, L.P.",Apollo Investment Fund VI,APOLLO INVESTMENT FUND,6.0,2006,2006,1.4166001362682883,1.50971250971251,-0.06365951125002628,8863949,3400000.0
"Apollo Investment Fund VIII, L.P.",Apollo Investment Fund VIII,APOLLO INVESTMENT FUND,8.0,2013,2013,1.4256493479824892,1.5053260587165498,-0.05438213232208161,80217594,0.0
"Apollo Investment Fund IX, L.P",Apollo Investment Fund IX,APOLLO INVESTMENT FUND,9.0,2019,2018,1.5157828095935806,1.378764897074756,0.09474391522127651,508701574,0.0
Arsenal Capital Partners VI LP,Arsenal Capital Partners VI,ARSENAL CAPITAL PARTNERS,6.0,2022,2021,0.9306432229174942,0.9458955223880596,-0.016256136880543802,74255085,74300000.0
Blackstone Capital Partners VI L.P.,Blackstone Capital Partners VI,BLACKSTONE CAPITAL PARTNERS,6.0,2011,2011,1.7964222087013269,1.8114678899082568,-0.008340480455298449,69667079,37200000.0
"Blackstone Capital Partners VII, L.P.",Blackstone Capital Partners VII,BLACKSTONE CAPITAL PARTNERS,7.0,2016,2016,1.7862524215290232,1.7241661551053815,0.03537626064177235,298985478,358800000.0
"Blackstone Capital Partners VIII, L.P.",Blackstone Capital Partners VIII,BLACKSTONE CAPITAL PARTNERS,8.0,2021,2020,1.240977369378128,1.2587273530711445,-0.014201903025939988,270459834,257500000.0
"CDH Fund V, L.P.",CDH Fund V,CDH FUND,5.0,2014,2012,1.4642742053952171,1.4632478632478632,0.0007011678582348746,54936572,28100000.0
"Centerbridge Capital Partners III, L.P.",Centerbridge Capital Partners III,CENTERBRIDGE CAPITAL PARTNERS,3.0,2015,2015,1.5506245598036694,1.546908315565032,0.0023994877027612715,84748946,75400000.0
"Clearlake Capital Partners VII, L.P.",Clearlake Capital Partners VII,CLEARLAKE CAPITAL PARTNERS,7.0,2022,2021,1.1082253715449777,1.1087562744004462,-0.00047894204860733647,277304340,198100000.0
"Clearlake Capital Partners VIII, L.P.",Clearlake Capital Partners VIII,CLEARLAKE CAPITAL PARTNERS,8.0,2025,2023,0.697505363030394,0.72,-0.0317410094116754,10079175,12600000.0
CVC European Equity Partners III LP,CVC European Equity Partners III,CVC EUROPEAN EQUITY PARTNERS,3.0,2001,2001,2.608032112333174,2.5869809203142538,0.00810442903984876,5071065,3800000.0
"CVC Capital Partners VI, L.P.",CVC Capital Partners VI,CVC CAPITAL PARTNERS,6.0,2014,2014,2.0241565576978995,2.0165369649805447,0.0037714326543980548,449157423,134500000.0
CVC Capital Partners Asia V L.P.,CVC Capital Partners Asia V,CVC CAPITAL PARTNERS ASIA,5.0,2020,2020,1.420162576233848,1.4042553191489362,0.011264215048814252,222365308,166800000.0
CVC Capital Partners Asia VI (A) L.P.,CVC Capital Partners Asia VI (A),CVC CAPITAL PARTNERS ASIA VI (A),6.0,2024,2022,1.124235431331128,1.106666666666667,0.015750693757498255,43551510,21700000.0
"Francisco Partners II, L.P.",Francisco Partners II,FRANCISCO PARTNERS,2.0,2006,2006,1.6522163719671026,1.6477045908183632,0.0027344800139027514,612548,400000.0
"Francisco Partners III, L.P.",Francisco Partners III,FRANCISCO PARTNERS,3.0,2011,2011,3.4375916090504512,3.4350104821802936,0.0007511352926450332,26704905,26700000.0
"Francisco Partners VI, L.P.",Francisco Partners VI,FRANCISCO PARTNERS,6.0,2021,2020,1.5047448898001026,1.5043050430504306,0.0002923492548281281,325241089,325200000.0
"Francisco Partners VII, L.P.",Francisco Partners VII,FRANCISCO PARTNERS,7.0,2023,2023,1.097393152309613,1.097752808988764,-0.00032768361531326784,175802383,97700000.0
"Francisco Partners Agility II, L.P.",Francisco Partners Agility II,FRANCISCO PARTNERS AGILITY,2.0,2020,2020,2.176522655502392,2.1770334928229667,-0.00023467588588022004,52387425,52400000.0
"Francisco Partners Agility III, L.P.",Francisco Partners Agility III,FRANCISCO PARTNERS AGILITY,3.0,2025,2023,1.1840436893203885,1.1538461538461535,0.025834591904203008,6097825,3000000.0
"Genstar Capital Partners X, L.P.",Genstar Capital Partners X,GENSTAR CAPITAL PARTNERS,10.0,2021,2021,1.1065995044902166,1.106412966878083,0.00016858252268224516,108074104,151200000.0
"Genstar Capital Partners XI, L.P.",Genstar Capital Partners XI,GENSTAR CAPITAL PARTNERS,11.0,2023,2023,1.2138835833920922,1.207236842105263,0.005490646326557963,29844300,34000000.0
"Genstar X Opportunities Fund I, L.P.",Genstar X Opportunities Fund I,GENSTAR X OPPORTUNITIES FUND,10.0,2021,2021,1.2710397652647631,1.2710526315789474,-1.0122617258440103e-05,162535271,92100000.0
"Green Equity Investors V, L.P.",Green Equity Investors V,GREEN EQUITY INVESTORS,5.0,2007,2006,2.2980019854211924,2.272246272246272,0.011271153944841239,657472,0.0
"Hellman & Friedman Capital Partners VIII, L.P.",Hellman & Friedman Capital Partners VIII,HELLMAN & FRIEDMAN CAPITAL PARTNERS,8.0,2016,2016,1.7298580278623066,1.7340425531914894,-0.002416078214048323,517089878,103400000.0
"Hellman & Friedman Capital Partners IX, L.P.",Hellman & Friedman Capital Partners IX,HELLMAN & FRIEDMAN CAPITAL PARTNERS,9.0,2020,2019,1.716267661904219,1.5630538513974097,0.09351046431787574,989554986,239400000.0
"Hellman & Friedman Capital Partners X, L.P.",Hellman & Friedman Capital Partners X,HELLMAN & FRIEDMAN CAPITAL PARTNERS,10.0,2021,2021,1.1505806764409316,1.0999675430055176,0.04498607796306475,973775560,181300000.0
KKR Asian Fund II L.P.,KKR Asian Fund II,KKR ASIAN FUND,2.0,2013,2013,1.0380201908557305,0.9609084139985108,0.07719141361053942,68253373,38900000.0
"KKR European Fund III, L.P.",KKR European Fund III,KKR EUROPEAN FUND,3.0,2008,2008,1.4111842940720376,1.6253046753822291,-0.14126601402572458,0,8199999.999999999
"New Mountain Partners III, L.P.",New Mountain Partners III,NEW MOUNTAIN PARTNERS,3.0,2007,2007,2.272407277699383,1.947906976744186,0.15408429347589736,15599495,0.0
"Palladium Equity Partners V, L.P.",Palladium Equity Partners V,PALLADIUM EQUITY PARTNERS,5.0,2018,2017,1.616071435874965,1.5008591065292096,0.07396048264737315,75818705,173900000.0
"TA XIV-A, L.P.",TA XIV-A,TA XIV-A,14.0,2021,2021,1.2050258346121057,1.2044989775051125,0.00043731204820146585,154186913,102800000.0
"Tailwind Capital Partners II, LP",Tailwind Capital Partners II,TAILWIND CAPITAL PARTNERS,2.0,2014,2013,1.4561533417921153,1.48,-0.01624382638207833,1578850,0.0
"Tailwind Capital Partners III, L.P.",Tailwind Capital Partners III,TAILWIND CAPITAL PARTNERS,3.0,2018,2017,1.6926707503952771,1.0057397959183674,0.5205842211593784,258917624,0.0
"Thoma Bravo Fund XIV, L.P.",Thoma Bravo Fund XIV,THOMA BRAVO FUND,14.0,2021,2021,1.2446391721718189,1.1160714285714286,0.10903080035434295,585366308,0.0
"Thoma Bravo Fund XV, L.P.",Thoma Bravo Fund XV,THOMA BRAVO FUND,15.0,2022,2022,1.2986158666878025,1.3910822108685554,-0.06878303386494466,405455854,291100000.0
"TPG Growth IV, L.P.",TPG Growth IV,TPG GROWTH,4.0,2018,2017,1.6852860939887753,1.6787746170678337,0.003871205434202385,59059174,157500000.0
"TPG Growth V, L.P.",TPG Growth V,TPG GROWTH,5.0,2021,2020,1.4306655556167798,1.3128886376483888,0.08590998297591906,213188825,266500000.0
"TPG Partners IV, L.P.",TPG Partners IV,TPG PARTNERS,4.0,2003,2003,1.901343992151052,1.911191119111911,-0.005165669860249245,453400,700000.0
"TPG Partners V, L.P.",TPG Partners V,TPG PARTNERS,5.0,2006,2006,1.2414888406307971,1.3656260057933698,-0.09530159850155553,0,0.0
"TPG Partners VIII, L.P.",TPG Partners VIII,TPG PARTNERS,8.0,2019,2018,1.3615869958641618,1.5281445448227935,-0.11540335550458153,176297891,470100000.0
"TPG PARTNERS IX, L.P.",TPG Partners IX,TPG PARTNERS,9.0,2023,2022,1.2513735381845053,1.2555248618784531,-0.0033119232023457734,266319673,248700000.0
