beta_true_labels,beta_mislabelled,bias
0.8721451767243381,0.7651106198460594,-0.10703455687827867
0.18201297398237484,-0.04365993531135898,-0.22567290929373382
0.3731710798626598,0.3078385153674239,-0.06533256449523589
0.457212233881953,0.4929309340996863,0.035718700217733323
0.6447892547478226,0.435887583329021,-0.20890167141880156
0.3514039702612154,0.4747581314344444,0.123354161173229
0.48215215470067135,0.1786328006349236,-0.30351935406574776
0.5422098364702895,0.5654908991704214,0.02328106270013186
0.5398847060487033,0.687655742297925,0.14777103624922172
0.2884393459491461,0.1456872776249181,-0.14275206832422802
0.9140141422198783,0.8917578798052175,-0.022256262414660832
0.3012938555776927,0.29477214420843395,-0.006521711369258776
0.4897166726142872,0.7196037589434522,0.229887086329165
0.4283546870803902,0.3402800972007869,-0.08807458987960332
0.6315416552948323,0.525302572189002,-0.1062390831058303
0.7163408844960535,0.5455107529997602,-0.17083013149629334
0.25679304190928104,0.2808194251037633,0.024026383194482248
0.34589089416488683,0.2952093139030793,-0.050681580261807524
0.4780978795925125,0.32683322400900017,-0.15126465558351232
0.5600439073948363,0.3730263708793614,-0.18701753651547492
0.3762264835819378,0.2619197466482942,-0.11430673693364357
0.2706234904427296,0.30604175794331195,0.03541826750058236
0.3767621508336362,0.2310749178393325,-0.14568723299430367
0.6034135609308967,0.6546304515907793,0.05121689065988255
0.7830298790748225,0.5956771714961765,-0.18735270757864597
0.6523246361419722,0.21478045513438393,-0.4375441810075883
0.3503200165943705,0.4331357188320255,0.082815702237655
-0.20975013329032027,-0.03849592478606523,0.17125420850425505
0.2718483920296033,0.2693315864983618,-0.002516805531241506
0.2566432492046049,0.46556689843664156,0.20892364923203666
0.3903821826872851,0.5053075088910313,0.11492532620374618
0.8197982948593794,0.6796132563611408,-0.1401850384982386
0.6889773064048376,0.5290140713607872,-0.1599632350440504
0.5112631491658186,0.47819056788879966,-0.03307258127701895
0.5212412892970066,0.0831788562139336,-0.438062433083073
0.6629341260660401,0.5230633614204978,-0.13987076464554227
0.4056435020380387,0.34610145568119777,-0.059542046356840905
0.3966044866504762,0.5112520811831938,0.11464759453271756
0.5122753314318962,0.48120924324585684,-0.031066088186039342
0.5454938366212911,0.2627518137944575,-0.28274202282683364
0.7135964471780945,0.6153458278946337,-0.0982506192834608
0.4177373847173905,0.4739951917920742,0.0562578070746837
0.7970572910704484,0.4516731890771343,-0.34538410199331415
0.45978980652205764,0.10348339123860958,-0.3563064152834481
0.5959812294798775,0.7414913845574113,0.14551015507753373
0.39944479950136336,0.40531240222369247,0.005867602722329113
0.3823696066625696,0.13162105023199758,-0.25074855643057203
0.13702939036989936,0.3743008186660032,0.23727142829610381
0.4272958122419681,0.3720285769865228,-0.0552672352554453
0.5232449654550115,0.29954395959746893,-0.2237010058575426
0.6101404061402291,0.6128029964727357,0.002662590332506598
0.8097434674808051,0.6158265620067426,-0.19391690547406248
0.22373251205180938,0.4129598355756664,0.18922732352385702
0.11402769041095322,0.29125275905402137,0.17722506864306814
0.8124413257076015,0.7396850819234458,-0.07275624378415568
0.4976735799932439,0.3322963822611881,-0.16537719773205584
0.3420324352941158,0.34957669178023576,0.007544256486119949
0.4424722631120806,0.3656773904397457,-0.07679487267233492
0.7361779508661634,0.754504900995078,0.01832695012891461
0.549581588227477,0.6885479815564806,0.1389663933290035
0.5726881247331781,0.6268838628557618,0.054195738122583714
0.6828762051485531,0.47068896220867923,-0.21218724293987384
0.6940784026805294,0.44897255953323095,-0.2451058431472985
0.5839717014134085,0.4518257668285134,-0.1321459345848951
0.31317199782512795,-0.025486791294387228,-0.3386587891195152
0.5751683764411603,0.49186168468695374,-0.08330669175420652
0.3133531131557278,-0.02005695283837878,-0.33341006599410655
0.1309906315599254,0.06956640662229588,-0.06142422493762953
0.5254975573843175,0.400702012703459,-0.12479554468085846
0.9582386759540988,0.7943371877606985,-0.16390148819340034
0.10059441439048573,0.17155774592042328,0.07096333152993754
0.6754873178626141,0.3274018161708465,-0.34808550169176755
0.5680139901988452,0.618032345679087,0.050018355480241805
0.4321053385632957,0.17759640349834938,-0.2545089350649463
0.5481617445659124,0.45227456693850543,-0.09588717762740695
0.667354109957015,0.11812455117506214,-0.5492295587819529
0.7477441831917664,0.6726973031292901,-0.07504688006247628
0.6668519058768226,0.547830066911868,-0.11902183896495466
0.44501873000894193,0.45004057509704665,0.005021845088104715
0.7865801826199486,0.3081749545181032,-0.4784052281018454
0.564698826599527,0.41457124914486254,-0.15012757745466443
0.4267676390021451,0.47741403781934233,0.050646398817197236
-0.06983374720179206,0.14114440195714395,0.210978149158936
0.263428111414741,0.26958359322853387,0.006155481813792885
0.31574628427551854,0.4064023984238385,0.09065611414831998
0.2965271246282499,0.42587094816101645,0.12934382353276652
0.6257726457825212,0.5977868101284426,-0.02798583565407864
0.3821828975665211,0.378910602083971,-0.0032722954825500916
0.43183338353937734,0.49875802539006364,0.0669246418506863
0.7296220860533138,0.6024343038486712,-0.12718778220464255
0.2566667882861508,0.3252622678551741,0.06859547956902329
0.3712979536728506,0.3270883977084753,-0.04420955596437531
0.5814075758532266,0.4893251182014804,-0.09208245765174616
0.49862189630050735,0.4129546198442962,-0.08566727645621114
0.6092295120966236,0.379722376713717,-0.22950713538290657
0.4599809415835285,0.37922950249338905,-0.08075143909013943
0.7280992923270602,0.5365544574222139,-0.1915448349048463
0.44418354815870736,0.620628814337061,0.1764452661783536
0.3647032189204811,0.42023595363904104,0.05553273471855996
0.5898839312738292,0.5985109439828659,0.008627012709036652
0.4432554404355282,0.34125522472581316,-0.10200021570971507
0.28321247316726406,0.22593862051523808,-0.057273852652025975
0.6377326760597337,0.5691675473338302,-0.06856512872590348
0.20074070985098846,0.2344809626154615,0.03374025276447304
0.46311133524791964,0.609380003461333,0.1462686682134134
0.578142764218536,0.47633149873888847,-0.10181126547964758
0.9595817026352991,0.8489507591549997,-0.11063094348029934
0.3848201269052168,0.394390073918234,0.009569947013017222
0.38746634120037227,0.47515338004256225,0.08768703884218998
0.5484099554580676,0.3947301054169129,-0.1536798500411547
0.555254748947472,0.5046148623641145,-0.050639886583357496
0.8679263742325606,0.5236639449979638,-0.3442624292345968
0.014010380985595886,0.09259982525059934,0.07858944426500346
0.46225102319964784,0.4766510021262653,0.014399978926617485
0.4322865212321456,0.350216195211094,-0.08207032602105163
0.4271828842294728,0.3657544555986959,-0.06142842863077691
0.5806661999796281,0.40991696602921257,-0.17074923395041552
0.6548998284410062,0.5576536783063696,-0.09724615013463667
0.5362705187222321,0.4292725983517173,-0.10699792037051475
0.447238769921676,0.30577418770248066,-0.14146458221919533
0.896853117843305,0.7665218338411453,-0.13033128400215976
0.9242125094969473,0.8717425089147519,-0.05247000058219542
0.3339228203124438,0.4648440934541851,0.1309212731417413
0.43790819184818136,0.18800555683502057,-0.2499026350131608
0.2533339133570265,0.2544550380620037,0.0011211247049772166
0.29953943026115465,0.5289155240896385,0.22937609382848384
0.7755895181552641,0.6528539256817127,-0.12273559247355137
0.40225258126736574,0.26542495960812024,-0.1368276216592455
0.6347334885473381,0.46726861494314864,-0.1674648736041895
0.5589205339514961,0.42430757726517254,-0.13461295668632356
0.41487605431604857,0.2014232154493154,-0.21345283886673316
0.47796357279964286,0.5608904930544828,0.08292692025483994
0.6346701117464385,0.44817327947318475,-0.18649683227325375
0.05770873950895722,0.2606459371492124,0.2029371976402552
0.5039186393889329,0.4084445559567045,-0.09547408343222841
0.595518312145587,0.7240385764707588,0.12852026432517172
0.6825180158561583,0.5387799500970485,-0.14373806575910986
-0.07716423429407096,0.18592114233999035,0.2630853766340613
0.34079419799357,0.163054905797041,-0.17773929219652904
0.5142394077229746,0.38839829810620424,-0.12584110961677036
0.7059208837048453,0.6549574050795925,-0.050963478625252745
0.34355967710807345,0.24370131334289302,-0.09985836376518042
0.5218123379595278,0.6195355742366129,0.09772323627708512
0.6441232492624831,0.35012637630855614,-0.29399687295392696
0.6763224499249606,0.6906003720645166,0.014277922139556032
0.27965822856249795,0.5866205100386683,0.3069622814761704
0.6608416839477982,0.3799811122341076,-0.2808605717136906
0.5026199176247547,0.35408258135772375,-0.14853733626703092
0.4010086910808966,0.7270658558856098,0.3260571648047132
0.5877057563408257,0.19830803137376354,-0.38939772496706215
0.6490595070485061,0.6447983632625447,-0.00426114378596143
0.6252699767475961,0.5861630949371957,-0.03910688181040045
0.4146946398278697,0.05173993041451445,-0.3629547094133552
0.533158797548181,0.2871981670811219,-0.24596063046705907
0.5958320467887499,0.7129165907048505,0.11708454391610057
0.04741284811907859,0.12712564720781724,0.07971279908873866
0.4752022139119081,0.32411810691235116,-0.15108410699955693
0.779759237985971,0.6152284507012552,-0.16453078728471582
0.5208381006397055,0.4760993501800724,-0.0447387504596331
0.8693085342945448,0.45843981229136754,-0.41086872200317726
0.3247307044610002,0.418534560813294,0.09380385635229377
0.5159883187427877,0.2809588102148511,-0.23502950852793664
0.4726338210774037,0.5693301156137801,0.0966962945363764
0.5679292919756909,0.5879798617496974,0.020050569774006544
0.4450488203681538,0.39105151021533596,-0.053997310152817835
0.44535052390742674,0.4685286415124351,0.023178117605008375
0.33216506724959544,0.18067256951342833,-0.1514924977361671
0.5860247051995322,0.4113741073927612,-0.174650597806771
0.6304813872086037,0.5715323206447922,-0.05894906656381149
0.7052043690881886,0.6568969883406275,-0.048307380747561135
0.45442016338899344,1.1310292819059307,0.6766091185169372
0.4081766284954649,0.26511267429671653,-0.14306395419874834
0.5212427323234278,0.46591921339900466,-0.05532351892442311
0.6170005916408201,0.31754532206864217,-0.29945526957217794
0.668569713467159,0.4668863938986756,-0.2016833195684834
0.6084802997453408,0.42225169492568526,-0.18622860481965553
0.4256433327197681,0.3065829392253989,-0.1190603934943692
0.7404725146515095,0.5773551334035852,-0.1631173812479243
0.4529471861296702,0.23424481607186118,-0.21870237005780904
0.5150532236995264,0.2214611356806604,-0.29359208801886605
0.3925185349443586,0.4723303744406577,0.07981183949629905
0.7718901768492974,0.5614451832909548,-0.21044499355834256
0.35959772750351426,0.2504423990759667,-0.10915532842754755
0.49649569629524704,0.41311474037822865,-0.08338095591701838
0.07359417931498022,0.07266235913589605,-0.000931820179084164
0.5268209386554832,0.7565456378671254,0.22972469921164218
0.5583821397309574,0.3865148306321302,-0.1718673090988272
0.385348483679536,0.29084912064400703,-0.09449936303552897
0.3216204031748515,0.28894131848709936,-0.03267908468775216
0.4187077180006274,0.7607218184823241,0.3420141004816967
0.29593783452105243,0.11542367333365355,-0.18051416118739888
0.2785939272742646,0.35603352070072714,0.07743959342646256
0.5305588079303891,0.37131444621229587,-0.15924436171809325
0.3098138969839247,0.46487573645650393,0.15506183947257923
0.5672554958210907,0.4814461552316654,-0.0858093405894253
0.6736118320824617,0.5463954552785392,-0.1272163768039225
0.5282812297302684,0.4342789327231132,-0.09400229700715518
0.4259955545166028,0.31014911852020144,-0.11584643599640138
0.7725941203836373,0.6007735783979876,-0.17182054198564967
0.5438123319169935,0.5682713398966137,0.024459007979620195
0.6598898144132174,0.5803019827298556,-0.07958783168336181
0.9435487454983762,0.7384109145313361,-0.20513783096704008
0.749486257094195,1.052872057909026,0.303385800814831
0.5478419254862299,0.4267876961801172,-0.1210542293061127
0.6897849925918056,0.2868069224587182,-0.4029780701330874
0.6976290389131851,0.66801269916007,-0.029616339753115062
0.5934689653874083,0.49673127823874724,-0.0967376871486611
0.6563934598991203,0.19912966282228553,-0.45726379707683484
0.537923067569939,0.3962844578624434,-0.14163860970749564
0.7371320146851199,0.7650441306829712,0.02791211599785126
0.49739095619802176,0.31871872424184605,-0.1786722319561757
0.7895940080608805,0.6836822551250201,-0.10591175293586041
0.5757903675355976,0.2884634113708828,-0.2873269561647148
0.581024869993525,0.5237936989327098,-0.05723117106081521
0.5158235742411397,0.32045617033681806,-0.1953674039043216
0.571335574550772,0.49039257283040527,-0.08094300172036673
0.43080831730388897,0.48622785909316196,0.055419541789273
0.7591260262503814,0.64152822947775,-0.11759779677263138
0.4715478240824043,0.42123636564675715,-0.05031145843564716
0.3369933128434076,0.2992594201785388,-0.03773389266486882
0.35930816736427723,0.5279831186240733,0.1686749512597961
0.5760774074518568,0.2852004220947827,-0.29087698535707407
0.4031333973699388,0.32861192974662395,-0.07452146762331485
0.5387067459372793,0.5559608455149204,0.017254099577641124
0.5745624884134581,0.40428537879416443,-0.1702771096192937
0.7572173088553791,0.6183642431455548,-0.13885306570982425
0.30450749616705197,0.21051273746471355,-0.09399475870233842
0.2636493411087408,0.3973044263069758,0.13365508519823505
0.47496697888735806,0.13642078399858998,-0.3385461948887681
0.5788578505672437,0.6126382959125589,0.03378044534531521
0.7465759003783132,0.8670011984779644,0.12042529809965119
0.4550147815023453,0.39703601895494783,-0.05797876254739748
0.5410077984433532,0.49624264071578716,-0.04476515772756606
0.5344231987720092,0.1392619393885456,-0.3951612593834636
0.6348929569739187,0.5260225073783131,-0.10887044959560555
0.2988809443815066,0.2763478821432569,-0.02253306223824969
0.5494188114902065,0.2055336852761715,-0.34388512621403505
0.7451806176723235,0.6052607148437927,-0.13991990282853073
0.5001310332705095,0.2503160831437201,-0.24981495012678934
0.32597392062678016,0.23019428173621953,-0.09577963889056063
0.4110768040241418,0.5104823252894355,0.09940552126529367
0.36142223689785846,0.3768250444081317,0.015402807510273231
0.6099248873995862,0.6267706438250551,0.016845756425468927
0.6814934861977132,0.6672131244955818,-0.014280361702131428
0.44182803878959964,0.33183624241468684,-0.1099917963749128
0.47640750312301805,0.3792008548392227,-0.09720664828379533
0.5419314299386063,0.5059189508656181,-0.03601247907298821
0.6580189122684403,0.680296444962256,0.022277532693815716
0.4165584146462584,0.4112248382438155,-0.005333576402442919
0.6084885729025162,0.5132923770948997,-0.09519619580761651
0.17406192985967764,0.057681327447811556,-0.11638060241186608
0.6284896897747099,0.3560747527463901,-0.27241493702831976
0.38634279371636626,0.38778805332386346,0.0014452596074971957
0.4703407914762458,0.21021785844703977,-0.260122933029206
0.33806071618988964,0.38035278077269963,0.042292064582809985
0.6464998977627483,0.5716972529067402,-0.07480264485600807
0.3300440017104933,0.3663532587444112,0.03630925703391791
0.2101702405971691,0.3553330585652614,0.14516281796809227
0.4147474774016171,0.7795722867540866,0.3648248093524695
0.49669381532025497,0.5834918165791261,0.0867980012588711
0.2345165911602072,0.3391791630763459,0.10466257191613867
0.4276201647339746,0.5818305143211473,0.15421034958717272
0.40470495829619624,0.5913141365661649,0.1866091782699687
0.6209176446430538,0.3334851058799003,-0.28743253876315344
0.8063817566695609,0.8870973763983269,0.08071561972876595
0.5434815599150036,0.6758824424626675,0.1324008825476639
0.5888918464905024,0.4444910213916946,-0.1444008250988078
0.47586931817819916,0.5871473456104324,0.1112780274322332
0.6815839896318594,0.6464338164523089,-0.03515017317955049
0.5116718075821417,0.3249721400726043,-0.18669966750953743
0.4351883612142218,0.2633713528742605,-0.17181700833996127
0.570312136950034,0.3831986228703782,-0.18711351407965582
0.37677521867649233,0.2838136216193581,-0.09296159705713425
0.6015464373695262,0.5240808516469975,-0.07746558572252871
0.4680200268154894,0.5002631049186606,0.032243078103171174
0.3389149125102171,0.5131367313120623,0.17422181880184517
0.5654176781179141,0.5120219357434908,-0.05339574237442335
0.7223514038724564,0.9676910521752173,0.2453396483027609
0.5039725060720789,0.3507246253086508,-0.1532478807634281
0.8047877092655297,0.5868564046392284,-0.21793130462630128
0.56415932526512,0.24376704088682383,-0.3203922843782962
0.4359329503856578,0.06582341921230939,-0.37010953117334844
0.8050680171352126,0.7831543527876472,-0.021913664347565365
0.5640898262314109,0.42484462609427864,-0.13924520013713226
0.6724007819370195,0.7092422157622871,0.03684143382526761
0.8551521656126897,0.7650271514394931,-0.09012501417319663
0.6945001398834957,0.6004109194617072,-0.09408922042178847
0.4224332874423055,0.3751635258198833,-0.04726976162242219
0.3820883756068022,0.39826400808079465,0.016175632473992452
0.23411982865150643,0.11846926262283115,-0.11565056602867528
0.5605459978207795,0.45188109647327895,-0.10866490134750056
0.6060263826496805,0.2197066711012557,-0.38631971154842476
0.5118915027973714,0.3908869524543016,-0.12100455034306978
0.5132322867727788,0.6890194597545365,0.17578717298175772
0.4355979534249552,0.431819083197973,-0.0037788702269822005
0.3256500802271986,0.31944364507867135,-0.006206435148527256
0.29469862267325253,0.13747538452037322,-0.1572232381528793
0.783068257801719,0.5437420018650528,-0.23932625593666612
0.20406663977717784,-0.04582646234923975,-0.24989310212641758
0.5954792870704794,0.41367792154157856,-0.1818013655289008
0.4645866397958249,0.2601205858419541,-0.2044660539538708
0.6007538157034846,0.36561477482204957,-0.23513904088143506
0.7707742738424239,0.7389278705028166,-0.03184640333960731
0.502646428231366,0.799391626150403,0.2967451979190371
0.5111964760818396,0.11019015601551321,-0.4010063200663264
0.8140745472094013,0.49391488372848436,-0.32015966348091696
0.3321516573861617,0.2964939827449937,-0.03565767464116798
0.5636425951641542,0.45664564199113467,-0.1069969531730195
0.31920792952888744,0.23413046952272742,-0.08507746000616001
0.3346481243053313,0.3011452975706752,-0.0335028267346561
0.38222550647549847,0.438723236745076,0.05649773026957755
0.8668010107747888,0.6630559390971726,-0.20374507167761613
0.47504789131005754,0.5367147783000328,0.061666886989975245
0.31387753925005263,0.39159027561369214,0.07771273636363951
0.5014189582392936,0.6195106530513252,0.11809169481203163
0.8426308683403063,0.6796614338614899,-0.1629694344788164
0.7074263271812793,0.5819523809299131,-0.1254739462513662
0.5280102789540665,0.44986569297605017,-0.07814458597801632
0.6319350206038542,0.3071722354437766,-0.3247627851600776
0.6715101135000152,0.5548567614473252,-0.11665335205269001
0.6966492880335879,0.22633440913373196,-0.470314878899856
0.4695542016779951,0.2422419261854856,-0.2273122754925095
0.4839475624969508,0.6654445362243684,0.18149697372741758
0.572313076177223,0.5210409540062902,-0.0512721221709328
0.7575149652187192,0.3797786003500414,-0.3777363648686778
0.6315952347231083,0.5375185767028944,-0.09407665802021392
0.5497432219736755,0.3666858963444829,-0.18305732562919264
0.6344910203965576,0.6747659201628565,0.040274899766298944
0.4250791371002667,0.3633412428422258,-0.06173789425804088
0.6935668575143273,0.6653741701266583,-0.028192687387669002
0.4990215945052339,0.43172386534207263,-0.06729772916316129
0.47451868078058934,0.32276937864723865,-0.1517493021333507
0.9083280076572565,0.7069221305949701,-0.2014058770622864
0.3449406502882863,0.3162828603045745,-0.028657789983711823
0.12359728142693252,0.14267670324724543,0.019079421820312914
0.4174996027867877,0.2539053490732772,-0.1635942537135105
0.7044615297935011,0.7348131661710775,0.03035163637757643
0.7402808860274901,0.37222815641393997,-0.3680527296135501
0.7698452239863949,0.5188542950319706,-0.2509909289544243
0.3482934020604036,0.38760930441405633,0.03931590235365273
0.511498462841653,0.1972949657806887,-0.3142034970609643
0.459293491507182,0.5239989221167869,0.06470543060960487
0.5838555321958073,0.37796300205477,-0.2058925301410373
0.5386120311434731,0.44271362050493335,-0.09589841063853977
0.43537879861607764,0.4401484521014,0.004769653485322378
0.3881099029988142,0.6188088767055363,0.2306989737067221
0.6610246821944337,0.5903559101193853,-0.0706687720750484
0.5967071440750138,0.7046613143982667,0.10795417032325294
0.3342148379268116,0.5095891111761852,0.1753742732493736
0.6683559572639555,0.5449322062251728,-0.12342375103878267
0.6121072495805442,0.2796328046212934,-0.33247444495925077
0.5761663183900695,0.5338604568223392,-0.04230586156773031
0.4542083067947226,0.5346836716475312,0.08047536485280854
0.23601751550309316,0.2283371784014611,-0.007680337101632073
0.5894823731820464,0.7007107420296745,0.1112283688476281
0.638099644082222,0.6599262120002956,0.02182656791807358
0.5936697151902692,0.7630090583763105,0.16933934318604127
0.7092236134733965,0.7326810071866598,0.023457393713263386
0.5816804204601186,0.5533610256422057,-0.028319394817912902
0.21699166223494654,0.18236221927385568,-0.034629442961090856
0.32451736596300873,0.36836643964717997,0.043849073684171236
0.25788819891196435,0.3553639149034412,0.09747571599147686
0.4420241455386309,0.2568343457255662,-0.18518979981306471
0.7133105030744258,0.8214341071003738,0.108123604025948
0.6685998646267689,0.5635561522069371,-0.10504371241983179
0.5599413068380624,0.47645630757929314,-0.08348499925876929
0.4765205580537187,0.020750913191660246,-0.45576964486205845
0.6091574678108262,0.4980741545197493,-0.11108331329107696
0.7486216418513177,0.3616799249058784,-0.38694171694543933
0.5481066102816673,0.6381655989536758,0.09005898867200846
0.6419878763878538,0.6452391150073208,0.0032512386194669674
0.570098878984779,0.6009109159514155,0.03081203696663659
0.24315616282737454,0.2635362476182544,0.020380084790879854
0.4432117069361817,0.2783021769042087,-0.164909530031973
0.4499811937962461,0.29108241562053844,-0.1588987781757077
0.38965183554674276,0.39012771730159124,0.00047588175484847284
0.40644402108593103,0.1672830364465196,-0.23916098463941143
0.23566889769899363,0.4660996934373789,0.23043079573838526
0.30056974440744927,0.37860225489743676,0.0780325104899875
0.30179489835928597,0.5024414357201519,0.2006465373608659
0.544648522976351,0.5623550368762591,0.017706513899908072
0.6806534012956693,0.5717971199969201,-0.10885628129874925
0.41174387010123664,0.14302812792624636,-0.2687157421749903
0.6913070331926039,0.4400223609410026,-0.2512846722516013
0.34086303630337966,0.38163029607053406,0.040767259767154396
0.7855840023587894,0.623054752505534,-0.16252924985325545
0.3621027125992127,0.4192258561236946,0.057123143524481945
0.3619155710759299,0.15765670499366335,-0.20425886608226657
0.808585812007548,0.2762484038503884,-0.5323374081571596
0.5682603866348849,0.4992031297760485,-0.06905725685883635
0.2738423436342057,0.37566326385372384,0.10182092021951816
0.5330275851915403,0.4165022073177531,-0.11652537787378714
0.4362938515745373,0.3385273695858619,-0.09776648198867544
0.49936598910757934,0.5317267004593109,0.032360711351731575
0.6649728309447012,0.45032592330975624,-0.21464690763494493
0.2734768038304322,0.4099103112582687,0.1364335074278365
0.6102299724823042,0.598801271342846,-0.011428701139458153
0.21276212660245133,0.10355718273054187,-0.10920494387190946
0.7257156978616245,0.7338310403411015,0.008115342479476984
0.512491590751269,0.37739884994875883,-0.13509274080251021
